No_Pelajar,Kod_Kursus_Pelajar,Semester_Pelajar,Jantina,Kod_Negeri_Pelajar,CGPA,GPA,Has_Award,Total_Credit_Taken,Avg_Subjek_Attendance,Avg_Subjek_Marks,Total_Dropped,Total_Failed,Total_Koko,PLO_1,PLO_2,PLO_3,PLO_4,PLO_5,PLO_6,PLO_7,PLO_8,PLO_9,Status_Pelajar
333451244386,DGA,4,L,T,3.51,3.35,False,47,90.22727272727273,84.5,0,0,0,74.17200006666667,81.78181736363636,75.21444388888888,77.60714285714286,79.11545427272728,82.375,86.33499900000001,83.019997,95.0,Sederhana
333521209099,DCG*,2,L,T,3.47,0.0,False,28,87.5,68.125,0,0,0,74.913334,69.20923023076924,74.360001,64.625,50.333333333333336,50.333333333333336,68.5,36.25,60.0,Sederhana
333531249117,DFK,6,L,T,3.78,0.0,False,94,91.66666666666667,87.11111111111111,0,0,0,77.19636351515152,91.46891886486488,80.85052657894737,89.80238085714285,91.2918754375,89.52727300000001,86.49499899999999,88.31818181818181,89.25,Sederhana
333571232630,DGA,2,L,T,3.7,3.75,True,28,86.66666666666667,88.13333333333334,0,0,0,68.952499375,86.33749958333334,84.48499933333333,93.5,84.639999375,92.6,80.0,0.0,93.0,Sederhana
333571240147,ITW,7,L,D,3.2,0.0,False,104,86.51282051282051,77.15384615384616,0,0,0,67.82,71.46567554054054,77.47826113043479,69.84818200000001,76.27764711764705,70.7910004,72.897778,68.5,73.52333333333333,Sederhana
333571240231,ITW,5,L,D,3.52,3.32,False,78,93.94285714285714,83.02857142857142,0,0,0,71.8695652173913,84.32909063636363,80.3884212631579,76.16625025,85.6,79.125,68.57777744444444,79.336,75.0,Sederhana
333571242802,DGA,6,L,B,3.23,0.0,False,90,88.25,80.91666666666667,0,0,0,63.36076911538461,76.99904740476191,80.81272681818182,76.31571464285715,80.48894694736842,82.50500029999999,78.0279998,75.96666733333332,82.75,Sederhana
333571242815,DGA,6,L,T,3.35,0.0,False,90,88.75,81.80555555555556,0,0,0,66.69076919230768,79.05047552380952,78.56727254545454,78.22714285714287,82.81263089473684,82.925,76.0899994,70.443334,76.25,Sederhana
333571242828,DGA,6,L,B,3.43,0.0,False,90,88.27777777777777,83.19444444444444,0,0,0,63.75500011538462,81.18047592857143,79.94909054545454,78.01857157142857,82.90368415789473,86.7440003,79.0720002,81.87333433333333,76.25,Sederhana
333571242844,DGA,6,L,B,3.68,0.0,False,90,88.72222222222223,86.05555555555556,0,0,0,73.42115403846154,84.33285723809524,83.42636318181818,82.45714292857143,86.94578952631578,87.2,82.1179992,82.06333433333333,68.75,Sederhana
333571242886,DGA,6,L,W,3.51,0.0,False,90,88.88888888888889,84.0,0,0,0,64.33769230769231,83.50523852380952,81.4799999090909,76.86285721428571,84.63052605263158,87.6550003,80.936,80.63333399999999,90.25,Sederhana
333571242899,DGA,6,L,B,3.67,0.0,False,90,88.55555555555556,84.47222222222223,0,0,0,73.48153865384616,79.48523823809523,82.78363663636364,77.38999992857143,84.23999984210526,82.87799989999999,85.836,54.509999666666666,87.75,Sederhana
333571242912,DGA,6,L,D,3.41,0.0,False,90,88.72222222222223,82.52777777777777,0,0,0,65.56923092307692,80.96452385714285,76.77727372727273,77.47642842857144,81.00736836842106,82.6889999,76.564,66.56999966666666,82.75,Sederhana
333571242925,DGA,6,L,K,3.6,0.0,False,90,88.75,85.47222222222223,0,0,0,73.99038434615385,83.29142850000001,81.21272681818182,80.18857135714286,84.73105263157895,85.85599970000001,83.436,87.33333333333333,95.0,Sederhana
333571242938,DGA,6,L,D,3.44,0.0,False,90,88.61111111111111,82.88888888888889,0,0,0,65.08500011538462,81.84547604761904,76.787273,77.76499992857143,80.51210505263158,86.8110001,74.1279998,75.25333400000001,80.25,Sederhana
333571242941,DGA,6,L,T,3.28,0.0,False,90,88.30555555555556,81.19444444444444,0,0,0,66.4953848076923,78.38238083333333,78.49090863636364,73.9328575,77.11368436842105,81.1669998,74.2960006,81.730001,80.25,Sederhana
333571242954,DGA,6,L,T,3.58,0.0,False,90,88.72222222222223,84.52777777777777,0,0,0,68.78499984615385,82.93904752380952,77.84363618181818,76.04071421428571,85.35736889473685,86.0220001,77.98200080000001,72.633334,79.0,Sederhana
333571242967,DGA,6,L,D,3.53,0.0,False,90,88.58333333333333,85.27777777777777,0,0,0,71.11192326923077,82.50619054761904,80.27636372727272,82.00571442857142,83.35947378947368,89.8770004,81.5100006,74.44333400000001,78.75,Sederhana
333571242983,DGA,6,L,T,3.3,0.0,False,90,88.27777777777777,81.77777777777777,0,0,0,63.688461461538466,79.41928538095237,77.50909081818182,76.12571435714287,82.41736842105263,86.2,73.9539994,75.43000033333334,90.0,Sederhana
333571242996,DGA,6,L,T,3.46,0.0,False,90,88.75,83.66666666666667,0,0,0,68.2096153076923,82.08,79.16454445454545,79.27357099999999,82.08210557894736,84.7330002,75.8899994,80.60333233333334,74.0,Sederhana
333571243005,DGA,6,L,B,3.55,0.0,False,90,88.72222222222223,84.44444444444444,0,0,0,65.40115415384615,83.85880902380953,82.34818209090909,79.1757142142857,85.14315752631579,81.8,82.9539994,81.17666633333333,76.5,Sederhana
333571243018,DGA,6,L,T,3.36,0.0,False,90,88.72222222222223,82.36111111111111,0,0,0,63.21076919230769,80.09238123809524,77.521818,77.81214307142857,84.01105257894737,86.36800009999999,76.0899994,79.653333,75.25,Sederhana
333571243092,ITW,6,L,D,3.52,3.85,False,94,91.15789473684211,83.3157894736842,0,0,0,73.64,79.2588570857143,84.97249954166666,77.65916691666666,87.23692323076922,84.3122218888889,78.7728577142857,79.81571414285715,76.66666666666667,Sederhana
333571243115,ITW,6,L,D,3.59,3.5,False,94,91.63157894736842,84.63157894736842,0,0,0,75.5,84.82571431428572,81.07249987499999,77.840833,90.69846169230769,87.23777766666666,73.40714257142858,81.88714271428572,80.83333333333333,Sederhana
333571243128,ITW,6,L,T,3.67,3.7,False,94,91.94736842105263,85.44736842105263,0,0,0,73.1,87.11828548571428,84.36500012500001,81.70833333333333,93.07692307692308,83.22999999999999,68.82571414285714,81.5,91.83333333333333,Sederhana
333571243131,ITW,6,L,D,3.74,3.85,False,94,92.10526315789474,85.8157894736842,0,0,0,74.46,84.80971417142858,84.02249941666666,81.65999991666666,89.83692284615384,83.96111133333333,88.0257142857143,82.57142857142857,90.16666666666667,Sederhana
333571243144,ITW,6,L,D,3.53,4.0,False,94,91.84210526315789,84.5,0,0,0,74.3,78.41542857142856,84.14541658333333,85.54333308333334,92.14461523076922,86.00777777777779,83.23714228571428,85.61285728571428,84.33333333333333,Sederhana
333571243157,ITW,6,L,T,3.53,4.0,False,94,91.36842105263158,83.55263157894737,0,0,0,77.58,77.76485725714285,84.59249970833334,81.84166658333334,89.28615392307691,75.63111111111112,81.40142814285714,84.7242857142857,82.5,Sederhana
333571243160,ITW,6,L,T,3.16,3.35,False,94,91.73684210526316,79.57894736842105,0,0,0,64.86,75.05742860000001,80.63416625,75.91750016666667,85.59384623076923,76.8122218888889,73.27999985714287,79.60142842857144,81.66666666666667,Sederhana
333571243173,ITW,6,L,B,3.4,3.5,False,94,91.8157894736842,82.36842105263158,0,0,0,73.0,77.47799997142857,82.39916645833334,80.23750041666666,89.85230784615383,78.43222211111112,77.87428614285714,82.06142857142858,85.16666666666667,Sederhana
333571243186,ITW,6,L,D,3.61,3.71,False,78,94.0,85.11428571428571,0,0,0,81.23913043478261,79.40090896969697,84.09399985,85.05,93.70833333333333,87.0625,73.48428557142857,83.486,84.33333333333333,Sederhana
333571243199,ITW,6,L,C,3.33,4.0,False,94,91.6842105263158,81.8157894736842,0,0,0,71.58,72.94228580000001,81.89375004166666,88.94833316666666,91.23230746153847,84.16555533333333,81.30285757142858,83.19428585714286,75.66666666666667,Sederhana
333571243225,ITW,6,L,T,3.67,3.85,False,94,92.10526315789474,86.02631578947368,0,0,0,78.72,83.82599977142857,84.95333283333333,82.84916691666666,87.42923092307691,85.17444444444443,78.10714285714286,82.09142842857143,90.83333333333333,Sederhana
333571243254,ITW,6,L,D,3.78,3.85,False,94,92.10526315789474,87.42105263157895,0,0,0,79.32,84.28199982857143,84.50708295833333,85.58666675,93.75999976923077,89.92444444444443,81.452857,86.49000000000001,93.33333333333333,Sederhana
333571243267,PPU,6,L,T,3.7,0.0,False,95,89.15789473684211,86.26315789473684,0,0,0,78.98305575,85.865625375,79.75500035,81.64272727272727,88.40705870588236,79.84818200000001,84.01818145454546,83.5580002,79.6660004,Sederhana
333571243270,PPU,6,L,T,3.36,0.0,False,95,89.10526315789474,81.92105263157895,0,0,0,66.98416669444445,82.34604214583334,76.33099975,76.43000027272727,81.17470552941177,76.54545463636363,83.30000027272727,79.3580002,83.6660004,Sederhana
333571243283,PPU,6,L,T,3.63,0.0,False,95,89.3157894736842,85.02631578947368,0,0,0,75.18555555555555,85.2435414375,81.04250035,77.11818136363637,83.18058823529411,81.74545427272727,86.07272763636364,80.7419998,82.3339996,Sederhana
333571243296,PPU,6,L,T,3.42,0.0,False,95,89.21052631578948,82.71052631578948,0,0,0,67.3622225,84.1160418125,75.54200060000001,75.79090872727274,83.5111765882353,79.30272745454546,84.60000054545455,81.4720002,76.8339996,Sederhana
333571243319,DFK,6,P,D,3.54,0.0,False,94,91.66666666666667,82.16666666666667,0,0,0,71.11606018181818,83.15000010810812,80.2726317368421,82.92238071428571,86.5962495625,85.0,75.79749875,84.10727272727273,89.75,Sederhana
333571243322,DFK,6,P,D,3.34,0.0,False,94,91.66666666666667,79.55555555555556,0,0,0,63.44484836363636,81.48973000000001,78.28947347368421,83.11666652380953,84.53687525,85.6181820909091,77.147499,83.13272718181818,90.75,Sederhana
333571243348,DFK,6,L,T,3.79,0.0,False,94,91.66666666666667,85.61111111111111,0,0,0,70.5536366060606,89.75162172972973,84.11210557894738,87.15714304761904,92.15875,89.44818181818181,85.46999925,86.46272690909092,91.25,Sederhana
333571243429,DGA,6,L,B,3.57,0.0,False,90,88.88888888888889,84.30555555555556,0,0,0,71.01846138461539,82.62452445238095,80.89727218181818,78.3842855,83.92999989473685,82.4770004,81.6,81.71333299999999,76.5,Sederhana
333571243432,DGA,6,L,D,3.33,0.0,False,90,88.72222222222223,82.38888888888889,0,0,0,66.82692311538462,79.71428595238096,80.598182,78.11214285714286,79.39736815789475,83.5889999,75.72799979999999,74.50999966666667,90.25,Sederhana
333571243445,ITW,6,L,D,3.68,3.85,False,94,91.71052631578948,86.13157894736842,0,0,0,79.04,80.66200017142857,84.63458316666667,82.81583333333333,90.60461546153846,88.72222222222223,85.788572,87.5,91.66666666666667,Sederhana
333571243513,PPU,6,L,T,3.57,0.0,False,95,89.0,84.8157894736842,0,0,0,73.48250005555556,84.543333125,78.43050005,80.59545409090909,86.7723528235294,79.73363636363636,82.20909190909092,84.6419998,84.6,Sederhana
333571243542,DGA,6,L,T,3.29,0.0,False,90,88.83333333333333,78.94444444444444,0,0,0,60.11769219230769,74.99000016666666,80.50090927272727,71.52285714285713,74.99473694736842,74.1889999,76.2539994,50.56999966666666,95.0,Sederhana
333571243597,ITW,6,L,C,3.62,3.35,False,94,92.10526315789474,85.73684210526316,0,0,0,78.16,79.36028551428572,86.003749875,89.25999958333334,90.16000015384614,85.59888877777777,79.29857200000001,85.51999985714285,83.33333333333333,Sederhana
333571243607,PPU,6,L,T,3.5,0.0,False,95,89.47368421052632,84.02631578947368,0,0,0,76.24666680555555,84.8395835625,77.9009998,74.7163640909091,82.85470582352941,80.06090890909091,84.49999918181818,79.65800019999999,79.2660004,Sederhana
333571243610,DFK,6,P,D,3.5,0.0,False,94,91.66666666666667,81.44444444444444,0,0,0,70.66212090909092,81.5551351891892,80.36473726315789,85.41285704761906,84.543125125,86.218182,76.629999,84.60727272727273,89.75,Sederhana
333571243665,DGA,6,L,B,3.54,0.0,False,90,88.88888888888889,82.80555555555556,0,0,0,69.97769226923077,76.74976183333334,82.14545436363636,77.94500021428571,79.3157894736842,80.3330002,86.264,52.98666633333334,86.25,Sederhana
333571243681,ITW,6,L,T,3.55,3.5,False,94,92.10526315789474,84.5,0,0,0,80.22,78.1422856,84.70541670833333,79.86500033333333,90.87538438461539,86.06444466666667,81.44000028571429,81.01999985714285,78.5,Sederhana
333571243694,ITW,6,L,D,3.55,3.5,False,94,92.10526315789474,83.89473684210526,0,0,0,69.16,84.90342837142857,82.19833270833333,74.43749991666667,91.52769238461539,88.12666655555556,78.70857128571429,84.04142871428571,88.33333333333333,Sederhana
333571243704,PPU,6,L,C,3.59,0.0,False,95,89.47368421052632,84.1842105263158,0,0,0,76.69527797222221,83.52687516666667,77.78750045,76.39909081818182,83.58882317647058,76.81181818181818,86.59090981818181,81.514,83.9339996,Sederhana
333571243720,PPU,6,L,D,3.7,0.0,False,95,89.36842105263158,86.76315789473684,0,0,0,74.48888883333333,86.97958327083334,82.45050015000001,84.75636363636363,87.402942,82.45454545454545,84.86363636363636,86.7,84.5,Sederhana
333571243762,PPU,6,L,D,3.66,0.0,False,95,89.21052631578948,85.23684210526316,0,0,0,78.70111127777778,84.70625052083334,79.38750045,74.86818209090909,81.86764705882354,81.32090963636364,85.58181827272728,84.5720002,83.8339996,Sederhana
333571243775,DFK,6,L,D,3.79,0.0,False,94,91.66666666666667,85.83333333333333,0,0,0,74.0345453939394,90.5918924054054,83.15999942105263,85.43380957142857,91.2262501875,88.0,84.99499899999999,86.04545454545455,89.0,Sederhana
333571243801,DGA,6,L,T,3.4,0.0,False,90,88.72222222222223,83.02777777777777,0,0,0,69.42346161538461,81.59571435714285,77.13818145454546,77.99142892857142,80.26315831578947,84.2669998,76.5100006,71.90333299999999,76.5,Sederhana
333571243814,ITW,6,L,D,3.62,4.0,False,94,91.84210526315789,85.39473684210526,0,0,0,77.04,83.07285677142856,85.81916583333333,80.49333383333332,90.41230776923076,86.28555555555555,76.06857185714286,84.20428571428572,77.66666666666667,Sederhana
333571243827,ITW,6,L,D,3.49,3.35,False,94,91.26315789473684,82.52631578947368,0,0,0,73.34,80.14485708571428,81.34666633333333,77.1900005,86.9784616153846,80.32444422222221,72.09142857142857,83.14285714285714,73.33333333333333,Sederhana
333571243830,PPU,6,L,T,3.37,0.0,False,95,89.47368421052632,81.8157894736842,0,0,0,68.95194455555556,82.53000006250001,77.2115006,77.49181772727273,83.2188235882353,74.68454609090908,85.54545463636363,80.9279998,82.3339996,Sederhana
333571243843,PPU,6,L,T,3.5,0.0,False,95,89.10526315789474,83.86842105263158,0,0,0,75.53194436111112,83.30812520833334,78.5965,77.45363609090909,82.28470564705881,78.89090945454545,82.88181863636363,79.686,87.1660004,Sederhana
333571243856,PPU,6,L,D,3.72,0.0,False,95,89.47368421052632,86.05263157894737,0,0,0,76.43833341666667,85.592083625,82.15450065,79.97181836363637,83.38117576470589,82.42454527272727,86.1181820909091,82.6419998,87.1,Sederhana
333571243869,DFK,6,L,T,3.53,0.0,False,94,91.5,82.25,0,0,0,68.15181827272727,84.4459458918919,80.73473663157895,87.92047623809523,90.67125043749999,88.43636390909091,88.44749825,80.68181818181819,92.5,Sederhana
333571243982,ITW,6,L,D,3.67,4.0,False,94,91.86842105263158,86.05263157894737,0,0,0,79.54,80.63971428571428,85.71958316666667,85.42083358333333,89.15538438461539,85.94444444444444,83.64571485714285,89.52999985714287,84.33333333333333,Sederhana
333571243995,ITW,6,L,W,3.59,3.85,False,94,91.84210526315789,85.07894736842105,0,0,0,75.5,78.5217140857143,85.60999991666667,83.93249958333332,94.52923053846153,86.04444466666666,88.30999985714286,85.62285728571429,89.16666666666667,Sederhana
333571244017,PPU,6,L,D,3.69,0.0,False,95,89.3157894736842,86.1842105263158,0,0,0,78.34222222222223,85.83291700000001,81.4145005,76.88818145454546,85.63117670588235,80.70272690909091,83.72727263636364,85.686,87.6,Sederhana
333571244020,PPU,6,L,D,3.71,0.0,False,95,89.47368421052632,86.26315789473684,0,0,0,76.96666675,86.18333339583334,83.21750035,81.30181818181818,85.12000052941177,80.81181827272727,84.99999927272728,80.986,77.5,Sederhana
333571244033,PPU,6,L,D,3.73,0.0,False,95,89.10526315789474,86.28947368421052,0,0,0,80.13333341666666,87.53083322916666,81.5880002,75.79363663636364,85.87764747058823,82.12090927272727,85.50909081818182,85.5,80.6660004,Sederhana
333571244130,PPU,6,L,A,3.56,0.0,False,95,89.47368421052632,83.65789473684211,0,0,0,73.10999997222223,84.14333375,79.04700054999999,72.04818172727272,82.47705882352942,80.12090918181819,85.28181881818182,74.54199980000001,83.5,Sederhana
333571244143,PPU,6,L,D,3.78,0.0,False,95,89.47368421052632,87.5,0,0,0,80.94444488888888,87.68999993749999,83.14750025,79.38636363636364,88.66882323529411,81.52090909090909,85.4272730909091,88.114,79.5,Sederhana
333571244185,ITW,6,L,T,3.49,3.5,False,94,91.21052631578948,82.71052631578948,0,0,0,70.1,80.86200020000001,83.46541658333334,75.61083341666667,88.93846130769231,82.46333311111111,74.99285785714287,81.15285714285713,83.33333333333333,Sederhana
333571244198,PPU,6,L,N,3.52,0.0,False,95,89.3157894736842,84.44736842105263,0,0,0,71.84472211111111,82.73895889583333,79.2695008,82.85727272727273,83.01823511764707,80.98818136363637,85.74545418181819,86.9720002,79.4339996,Sederhana
333571244208,DGA,6,L,T,3.47,0.0,False,90,88.88888888888889,83.86111111111111,0,0,0,68.50000003846154,81.20452376190477,78.4545450909091,82.97000014285713,83.57473631578948,84.0910004,87.1539994,79.49000033333333,76.5,Sederhana
333571244211,PPU,6,L,T,3.73,0.0,False,95,89.0,85.94736842105263,0,0,0,77.14000013888888,84.95708341666666,81.22599985,80.88090936363636,87.72823464705883,77.39999936363637,87.1272729090909,71.9279998,78.1660004,Sederhana
333571244224,PPU,6,L,D,3.63,0.0,False,95,89.0,85.39473684210526,0,0,0,79.98083347222222,84.04291660416666,80.5530003,74.85545490909091,85.28352988235294,80.07909118181819,84.70909045454545,85.0720002,74.6,Sederhana
333571244237,PPU,6,L,D,3.6,0.0,False,95,89.05263157894737,84.8157894736842,0,0,0,75.50972238888889,84.93416660416666,78.44200065,78.62818218181818,83.45470611764706,80.55727254545455,84.18181754545455,84.55800020000001,79.6,Sederhana
333571244266,DFK,6,P,T,2.95,0.0,False,99,91.94736842105263,73.44736842105263,0,2,0,63.37777763888889,64.89707309756098,78.67736852631579,82.14999971428571,75.31500038888889,85.72727272727273,78.8575,83.18818181818182,77.25,Sederhana
333571244276,DGA,4,L,T,3.56,3.53,True,63,93.10344827586206,83.65517241379311,0,0,0,67.361249875,81.24821432142858,77.0069223076923,79.4900001,87.30583316666667,76.0,84.9399985,81.8250005,76.25,Sederhana
333571244282,DFK,6,L,T,3.57,0.0,False,94,91.66666666666667,83.11111111111111,0,0,0,73.65969681818183,86.49270305405405,79.37684236842105,83.91999995238095,85.9337501875,87.5390909090909,83.4124985,79.64818154545455,89.0,Sederhana
333571244457,SLR,5,L,D,2.85,0.0,False,66,85.66666666666667,70.83333333333333,0,0,0,0.0,0.0,0.0,78.33333333333333,75.843333,77.47666666666667,76.639999,93.330002,0.0,Sederhana
333571244525,DGA,5,L,D,3.5,3.28,False,80,94.28571428571429,83.08571428571429,0,0,0,66.27769176923077,81.51027040540541,79.59272727272727,75.88214335714285,84.39235282352942,80.89555533333333,81.764,80.654999,57.5,Sederhana
333571244541,DGA,5,L,D,3.54,3.59,True,80,94.28571428571429,84.57142857142857,0,0,0,70.67961530769232,82.25486529729729,79.49999927272728,80.29785700000001,84.79117623529412,84.16666666666667,81.1820008,73.8499985,86.25,Sederhana
333571244554,DGA,5,L,D,3.55,3.61,True,80,94.28571428571429,84.37142857142857,0,0,0,72.22999980769231,81.6097298918919,80.33272690909091,78.75642828571428,85.53882323529412,84.41666666666667,76.5460006,73.5649985,85.0,Sederhana
333571244567,DGA,5,L,D,3.74,3.68,True,80,94.28571428571429,86.71428571428571,0,0,0,74.07115350000001,84.33243251351351,82.99090909090908,84.20142914285714,88.71294082352942,87.352222,85.5279998,80.654999,76.25,Sederhana
333571244570,DGA,5,L,T,3.25,2.94,False,80,94.28571428571429,80.34285714285714,0,0,0,59.59692296153845,80.12378386486486,77.04000118181818,69.06428528571429,82.33764688235294,79.77777777777777,70.1279998,75.0200005,80.0,Sederhana
333571244583,DGA,5,L,T,3.41,3.14,False,80,94.14285714285714,82.71428571428571,0,0,0,68.3007688846154,80.31432448648648,78.04454627272727,72.86214228571428,82.14529417647059,83.48111133333333,83.1820008,76.880001,88.75,Sederhana
333571244596,DGA,5,L,D,3.45,3.43,False,80,94.0,82.82857142857142,0,0,0,69.91846138461538,79.94459472972973,76.71545445454545,76.654286,84.02529411764706,84.83333333333333,74.7460006,80.709999,81.25,Sederhana
333571244606,DGA,5,L,D,3.38,3.08,False,80,94.28571428571429,82.05714285714286,0,0,0,65.66884615384616,80.047027,79.0409090909091,75.1271427857143,82.29294088235294,81.61111111111111,81.1820008,76.77000050000001,90.0,Sederhana
333571244619,DGA,5,L,D,3.37,3.15,False,80,94.28571428571429,81.8,0,0,0,67.52730769230769,78.97216221621622,75.94818263636363,73.01142885714286,83.76235288235294,82.22222222222223,74.3460006,80.13999949999999,87.5,Sederhana
333571244622,DGA,5,L,B,3.43,3.3,False,80,94.11428571428571,82.65714285714286,0,0,0,61.81230780769231,81.03540537837839,79.41090945454545,79.80500028571429,83.995294,81.75666644444443,81.5100006,81.965,75.0,Sederhana
333571244635,DGA,5,L,T,3.64,3.63,True,80,94.14285714285714,86.02857142857142,0,0,0,72.57384634615384,83.05270305405406,78.38727290909091,84.42571478571428,85.57235264705882,86.73111133333333,86.0899994,88.424999,88.75,Sederhana
333571244648,DGA,5,L,D,3.78,3.77,True,80,94.11428571428571,87.34285714285714,0,0,0,74.86499961538462,85.12216183783784,82.82909036363637,84.65714264285714,88.89352952941177,87.61111111111111,83.3460006,79.19850149999999,81.25,Sederhana
333571244651,DGA,5,L,D,3.67,3.66,True,80,94.28571428571429,86.08571428571429,0,0,0,68.19653876923077,85.51621616216217,75.26090936363636,81.28999985714286,87.58352929411765,87.44444444444444,77.9460006,82.5400005,93.75,Sederhana
333571244664,DGA,5,L,T,3.6,3.36,False,80,94.28571428571429,85.17142857142858,0,0,0,71.86076915384616,82.39270262162162,82.14909145454546,79.97571457142858,85.79764688235295,86.22222222222223,80.72799979999999,82.079998,75.0,Sederhana
333571244729,ITW,5,L,T,3.9,3.97,True,78,94.11428571428571,90.05714285714286,0,0,0,84.22727272727273,85.96323535294117,90.38500024999999,85.8119995,95.875,91.125,90.34285742857142,86.536,83.33333333333333,Cemerlang
333571244732,ITW,5,L,T,3.24,3.61,True,78,94.02857142857142,80.88571428571429,0,0,0,72.6590909090909,72.66911747058823,83.33749995000001,74.6810002,84.20833333333333,84.14999962499999,81.27714214285713,82.664,74.443334,Sederhana
333571244758,ITW,5,L,T,3.62,3.52,True,78,94.11428571428571,84.68571428571428,0,0,0,71.63636363636364,85.34176458823529,84.04549975,74.0260002,83.875,82.516250625,81.30142857142857,78.0419998,82.443334,Sederhana
333571244761,ITW,5,L,D,3.59,3.58,True,78,94.11428571428571,85.25714285714285,0,0,0,78.25,79.46382367647058,85.0855004,79.1309997,88.83333333333333,87.875,82.75857214285715,82.3419998,75.88999933333334,Sederhana
333571244787,ITW,5,L,T,3.25,3.44,False,78,93.94285714285714,81.02857142857142,0,0,0,68.0909090909091,73.91058829411764,80.36300014999999,78.09799960000001,89.08333333333333,83.08374975,81.69857128571428,82.8279998,78.0,Sederhana
333571244790,ITW,5,L,D,3.46,3.82,True,78,94.11428571428571,84.2,0,0,0,76.0,75.00529411764705,85.2744999,83.3979996,92.70833333333333,88.33374975,89.63571385714285,84.6220002,82.11000066666666,Sederhana
333571244800,ITW,5,L,D,3.53,3.54,True,78,94.28571428571429,84.02857142857142,0,0,0,72.38636363636364,80.53235314705883,85.3784996,78.2590004,86.20833333333333,83.29125025,77.97142900000001,81.47799979999999,79.38999933333334,Sederhana
333571244813,ITW,5,L,D,3.65,3.79,True,78,94.28571428571429,86.91428571428571,0,0,0,80.54545454545455,80.81970573529412,87.76349985,82.3179993,89.20833333333333,87.86625,88.5228577142857,84.636,86.77666733333332,Sederhana
333571244826,ITW,5,L,T,3.39,3.47,False,78,94.02857142857142,82.82857142857142,0,0,0,71.5909090909091,79.98323549999999,82.8115002,73.9790001,87.625,82.941250375,76.26714214285714,77.436,79.83333333333333,Sederhana
333571244839,ITW,5,L,D,3.61,3.71,True,78,94.02857142857142,85.34285714285714,0,0,0,76.61363636363636,79.58176479411765,86.60750045,78.5060005,90.20833333333333,89.27499962499999,88.25428542857142,88.8919998,76.27666733333332,Sederhana
333571244842,ITW,5,L,D,3.69,3.57,True,78,94.11428571428571,86.62857142857143,0,0,0,74.86363636363636,88.45029429411765,84.87249994999999,77.4209999,87.0,82.5912505,82.37428514285715,87.22799979999999,80.16666666666667,Sederhana
333571244855,ITW,5,L,T,3.24,3.39,False,78,94.11428571428571,81.31428571428572,0,0,0,68.5,73.92500026470589,83.31050035,80.3209999,85.95833333333333,81.97500037500001,81.90142928571429,81.614,78.88999933333334,Sederhana
333571244868,PPU,5,L,T,3.69,3.82,True,85,94.48648648648648,86.21621621621621,0,0,0,75.28513521621622,86.81130482608695,82.60250055,81.607,86.666874875,90.0400001,86.79363581818183,86.2675,77.8339996,Sederhana
333571244871,PPU,5,L,D,3.23,3.51,True,85,94.5945945945946,80.08108108108108,0,0,0,59.95945945945946,81.40782665217391,77.18650055,74.4580002,78.256249875,79.9800003,83.96999981818182,70.375,75.0,Sederhana
333571244897,PPU,5,L,D,3.47,3.42,False,85,92.83783783783784,83.10810810810811,0,0,0,72.75783786486485,83.53847876086957,78.9255005,77.3190002,75.193749875,86.6800003,80.482727,72.5175,73.6660004,Sederhana
333571244907,PPU,5,L,D,3.45,3.81,True,85,94.5945945945946,83.70270270270271,0,0,0,66.18837821621622,82.81478341304347,79.86700015,84.36600039999999,85.806250125,88.9730003,85.64181863636364,78.69750024999999,85.0,Sederhana
333571244910,PPU,5,L,T,3.8,3.89,True,85,94.5945945945946,87.48648648648648,0,0,0,78.35216235135135,86.90021828260869,84.72250185,80.0860001,88.607500625,89.1729995,84.1009090909091,83.57250025,83.0,Sederhana
333571244923,PPU,5,L,T,3.71,3.89,True,85,94.43243243243244,86.24324324324324,0,0,0,75.43675686486486,84.85847867391304,83.08050125,84.4160004,85.652499625,89.1020004,84.52181790909091,81.96500025,84.3339996,Sederhana
333571244949,PPU,5,L,D,3.4,3.53,True,85,94.5945945945946,82.10810810810811,0,0,0,67.59810802702702,84.03217413043478,80.05300025,67.5660004,80.239375125,85.8099998,83.40272727272726,76.0,74.5,Sederhana
333571244952,PPU,5,L,D,3.67,3.89,True,85,94.16216216216216,85.83783783783784,0,0,0,75.11621610810812,85.16804391304348,83.7445007,72.4410004,84.97187525,89.11800000000001,84.31727327272728,80.1075,82.5,Sederhana
333571244965,PPU,5,L,T,3.43,3.68,True,85,94.5945945945946,83.29729729729729,0,0,0,71.4775675135135,81.97652152173913,82.0085011,78.0610001,81.4487500625,89.7650002,83.38545436363637,75.05249975000001,75.5,Sederhana
333571244981,PPU,5,L,D,3.64,3.68,True,85,94.43243243243244,85.27027027027027,0,0,0,71.93162145945946,86.29565332608696,80.811,77.36600039999999,85.0181245625,89.9639999,83.232727,77.82250024999999,82.3339996,Sederhana
333571244994,DFK,4,P,D,3.78,3.93,True,67,86.20689655172414,87.10344827586206,0,0,0,73.88074070370371,88.3637926551724,87.50857157142858,90.44499971428571,92.95384623076923,91.33333333333333,89.8250005,85.64999962499999,92.625,Sederhana
333571245003,DFK,5,P,W,3.79,3.82,True,84,94.28571428571429,85.88571428571429,0,0,0,75.40454527272728,90.297714,83.97315784210525,86.49499975,89.28200026666667,88.15999980000001,85.5249995,83.5,80.5,Sederhana
333571245029,DFK,5,L,D,3.82,3.92,True,84,94.28571428571429,87.25714285714285,0,0,0,77.60303030303031,90.56257177142857,86.05894752631579,81.62750015,90.67133326666666,89.0599998,85.53249925,87.2300003,90.875,Sederhana
333571245032,DFK,5,L,T,3.53,3.65,True,84,93.82857142857142,81.88571428571429,0,0,0,72.42969672727273,85.5874287142857,77.76684205263159,81.1334999,85.40266673333333,82.7599998,71.25750074999999,83.1,87.25,Sederhana
333571245058,DFK,5,L,T,3.65,3.78,True,84,93.65714285714286,83.31428571428572,0,0,0,72.15969672727273,89.67485657142856,82.98210521052631,82.35,88.2646668,86.34000019999999,72.977501,83.16999969999999,87.125,Sederhana
333571245061,DFK,5,L,T,3.6,3.61,True,84,93.94285714285714,83.14285714285714,0,0,0,68.48545457575757,89.42914297142858,82.44157884210527,85.85049975,90.80266673333334,86.15999980000001,76.91749949999999,79.85,90.875,Sederhana
333571245074,DFK,5,L,D,3.21,3.19,False,84,93.08571428571429,77.51428571428572,0,0,0,66.50333321212122,79.37257168571428,73.59315768421052,74.77249985,85.67133333333332,83.5400002,64.285,81.33000030000001,86.0,Sederhana
333571245090,DFK,5,L,N,3.69,3.91,True,84,94.28571428571429,84.88571428571429,0,0,0,73.79393927272727,89.75199994285714,83.03052594736842,85.71650009999999,91.84133353333333,88.2400002,79.58750075,84.9900002,91.0,Sederhana
333571245155,DFK,5,L,K,3.82,3.92,True,84,94.28571428571429,86.2,0,0,0,75.04121196969696,91.07428542857143,85.08052663157895,84.4165001,90.16333313333332,86.91999969999999,84.61249925,82.5099998,91.0,Sederhana
333571245168,DFK,5,L,D,3.57,3.79,True,84,94.28571428571429,82.2,0,0,0,67.63545466666667,84.36714231428573,83.63315784210526,83.02249985,85.78333333333333,86.4800003,81.87749875,81.5599998,84.625,Sederhana
333571245171,DFK,5,P,D,3.86,3.74,True,84,94.2,88.25714285714285,0,0,0,80.85424251515153,89.12571431428572,86.099474,86.4614998,92.11733353333332,88.7599998,86.8599985,89.6300003,94.375,Cemerlang
333571245197,DFK,5,P,D,3.83,3.79,True,84,94.28571428571429,87.14285714285714,0,0,0,79.81878803030303,87.74999977142858,85.17157942105264,84.2,89.94333286666667,89.0,86.4974995,85.33000030000001,91.5,Sederhana
333571245207,DFK,5,P,D,3.78,3.74,True,84,94.28571428571429,86.4,0,0,0,79.88575769696969,88.29257111428572,83.89000015789473,82.7169998,88.4306672,89.4,81.237501,86.25,88.125,Sederhana
333571245210,DFK,5,L,T,3.75,3.74,True,84,93.94285714285714,85.28571428571429,0,0,0,75.72818172727273,88.73542828571429,80.54263147368421,84.10549999999999,88.06799973333334,88.0,82.9574985,85.0,85.25,Sederhana
333571245236,SLR,5,L,D,2.65,0.0,False,70,86.70967741935483,68.70967741935483,0,0,0,0.0,0.0,0.0,73.08333333333333,71.83999899999999,81.47666666666667,74.529999,95.580002,0.0,Bermasalah
333571245294,PPU,5,L,T,3.83,3.91,True,85,94.5945945945946,88.13513513513513,0,0,0,79.39378400000001,86.97326093478262,85.8690015,81.9360001,87.89624975,91.2440002,85.88727281818181,83.0,83.8339996,Sederhana
333571245304,PPU,5,L,T,3.8,3.87,True,85,94.48648648648648,87.32432432432432,0,0,0,79.3964864054054,86.8932614347826,84.62000044999999,79.46300049999999,85.2318749375,91.3379997,85.966364,82.15999975,83.6660004,Sederhana
333571245333,DFK,5,L,N,3.48,3.61,True,84,92.28571428571429,81.28571428571429,0,0,0,67.89848457575758,86.11771414285714,78.73894736842105,82.6720001,88.8080002,81.1199997,74.14250075,81.65,88.5,Sederhana
333571245359,DFK,5,P,T,3.26,3.44,False,84,94.28571428571429,78.68571428571428,0,0,0,62.648182060606054,77.73514277142857,76.56631594736842,82.5665001,84.479333,85.4,76.272499,84.1400002,90.5,Sederhana
333571245362,DFK,4,L,T,3.43,3.22,False,67,86.20689655172414,81.13793103448276,0,0,0,65.06666648148149,82.67482737931034,78.4664285,78.63499992857143,87.94846169230769,87.35555522222222,74.294998,85.5,86.875,Sederhana
333571245372,DGA,4,L,D,3.66,3.61,True,63,92.89655172413794,86.58620689655173,0,0,0,78.087500125,85.78857146428571,78.8261536923077,82.0770004,83.87999975000001,83.29166666666667,82.7124995,76.34,82.5,Sederhana
333571245401,ITW,5,L,B,3.45,3.63,True,78,93.85714285714286,84.02857142857142,0,0,0,77.31818181818181,76.44264738235293,83.49900025,87.20900040000001,89.29166666666667,85.108749375,82.70428571428572,80.05800020000001,68.056666,Sederhana
333571245595,DGA,5,L,D,3.72,3.66,True,80,94.28571428571429,87.14285714285714,0,0,0,73.89538426923077,85.72378394594594,81.87909072727274,81.3892855,90.77411782352941,88.08666655555555,84.9279998,83.1150015,76.25,Sederhana
333571245618,DGA,5,L,J,3.68,3.7,True,80,93.82857142857142,86.54285714285714,0,0,0,74.66769234615384,85.5400001081081,81.03545445454546,82.31285749999999,85.73588247058824,85.29666644444444,82.164,80.25,86.25,Sederhana
333571245634,ITW,5,L,D,3.56,3.61,True,78,94.28571428571429,84.02857142857142,0,0,0,76.68181818181819,79.42970576470589,84.87799985000001,82.8510002,86.66666666666667,81.900000125,81.54428628571428,82.0720002,75.11000066666666,Sederhana
333571245650,ITW,5,L,J,3.39,3.77,True,78,94.11428571428571,82.8,0,0,0,77.5909090909091,73.6947060882353,83.61949999999999,85.8540001,84.79166666666667,80.66625025,84.04428628571428,82.4220002,69.16666666666667,Sederhana
333571245663,ITW,5,L,D,3.54,3.69,True,78,93.94285714285714,84.42857142857143,0,0,0,80.29545454545455,77.356765,83.42200015,81.55,89.5,85.058750125,81.27857099999999,83.486,71.77666733333332,Sederhana
333571245702,ITW,5,L,C,3.92,3.93,True,78,94.11428571428571,90.48571428571428,0,0,0,82.27272727272727,87.08235282352942,91.1965,93.03000030000001,91.875,90.94999975,90.17142814285714,89.236,82.22333266666668,Cemerlang
333571245731,DFK,5,L,K,3.41,3.86,True,84,94.11428571428571,81.14285714285714,0,0,0,67.694242,80.13799954285714,82.69105247368421,85.08399965,86.310667,83.6,82.19249925,82.0,93.375,Sederhana
333571245786,DFK,5,L,M,3.3,3.58,True,84,94.28571428571429,79.2,0,0,0,65.02363669696969,73.74257156571429,79.47052610526316,84.0610001,85.7793336,87.8800003,78.289999,84.1,87.625,Sederhana
333571245838,DFK,5,L,B,3.76,3.88,True,84,94.11428571428571,85.8,0,0,0,76.49333327272727,89.45514282857143,85.08947352631579,86.80049975,92.102,88.21999969999999,79.98999975,82.25,85.0,Sederhana
333571245883,PPU,5,L,A,3.3,3.56,True,85,93.13513513513513,80.70270270270271,0,0,0,67.55972970270271,81.56304389130435,75.2315006,65.1470001,76.07687525,87.75,79.63909081818181,70.80249975000001,77.6660004,Sederhana
333571245896,PPU,5,L,D,3.62,3.84,True,85,94.5945945945946,85.29729729729729,0,0,0,73.20675678378379,84.69760897826087,81.58350064999999,82.73100050000001,85.723125,88.9650001,86.7181819090909,81.69750025,80.3339996,Sederhana
333571245906,PPU,5,L,W,3.84,3.95,True,85,94.37837837837837,88.75675675675676,0,0,0,83.3662162972973,88.3478482173913,83.7465008,80.7259995,86.558125,92.3189994,87.11181845454546,85.90999975,81.6660004,Cemerlang
333571245919,PPU,5,L,T,3.74,3.92,True,85,94.35135135135135,87.13513513513513,0,0,0,79.532973,85.43913102173913,84.98800045,80.0870003,86.2581253125,91.31800000000001,86.61181854545454,85.0,76.3339996,Sederhana
333571245922,PPU,5,L,T,3.73,3.77,True,85,94.43243243243244,85.89189189189189,0,0,0,76.81675702702702,84.62413093478261,85.4945012,78.0160004,84.1481246875,88.1139999,85.12090918181819,76.6425,85.5,Sederhana
333571245935,PPU,5,L,B,3.64,3.84,True,85,94.48648648648648,86.13513513513513,0,0,0,76.11270262162162,84.24608732608695,82.26400029999999,84.6190002,85.1700000625,90.8450005,86.78363654545454,80.05249975,84.5,Sederhana
333571245948,DFK,4,P,T,3.63,3.86,True,67,85.79310344827586,84.86206896551724,0,0,0,72.67740718518519,84.38758579310344,77.58214292857143,87.20714292857143,89.58153884615385,91.08888922222224,89.8250005,85.625,89.5,Sederhana
333571245980,DGA,5,L,D,3.69,3.71,True,80,94.28571428571429,86.57142857142857,0,0,0,72.62192296153846,85.35648694594595,81.74363627272727,78.76642828571428,85.61882376470588,89.29888911111112,77.2,76.16500099999999,91.25,Sederhana
333571245993,DFK,5,L,T,3.5,3.58,True,84,94.11428571428571,81.94285714285714,0,0,0,66.37545451515152,83.80685685714286,80.2657892631579,82.94449995,89.18066666666667,88.7,81.2699985,78.5400002,90.625,Sederhana
333571246002,DFK,5,L,T,3.65,3.86,True,84,94.28571428571429,83.17142857142858,0,0,0,69.01000027272727,89.03857111428572,84.37473657894736,83.71100005,89.55333353333334,88.21999969999999,81.15249825000001,82.3099998,86.875,Sederhana
333571246015,DFK,5,L,D,3.45,3.64,True,84,94.28571428571429,81.4,0,0,0,64.26787890909091,83.17771382857143,84.20368457894737,84.72299960000001,88.1106664,88.3800003,83.23749925,84.35,85.875,Sederhana
333571246028,DFK,5,L,T,3.69,3.86,True,84,94.28571428571429,84.28571428571429,0,0,0,70.81242424242424,90.13571425714287,84.15473657894736,85.61699985,89.49733333333333,89.4400002,82.875,81.4400002,90.0,Sederhana
333571246057,ITW,5,L,T,3.63,3.82,True,78,94.28571428571429,85.82857142857142,0,0,0,78.47727272727273,79.0238235882353,85.9140003,89.3420006,88.625,85.95874975,81.25857199999999,83.014,84.943334,Sederhana
333571246073,ITW,5,L,T,3.61,3.82,True,78,94.11428571428571,84.88571428571429,0,0,0,80.04545454545455,79.00117632352942,86.53799975,80.7779999,87.41666666666667,86.1587495,83.62142842857143,82.5419998,75.83333333333333,Sederhana
333571246109,PPU,5,L,D,3.82,3.94,True,85,94.32432432432432,87.86486486486487,0,0,0,79.95000002702703,87.75347854347827,83.09000055,80.6630005,88.218125375,91.4240005,86.63909,84.125,80.5,Sederhana
333571246293,DGA,5,L,B,3.52,3.39,False,80,94.11428571428571,84.42857142857143,0,0,0,66.87192300000001,80.42621635135134,78.93090963636364,81.83571407142857,84.57411776470587,87.71555577777778,84.1100006,78.1949995,87.5,Sederhana
333571246303,DGA,5,L,D,3.72,3.61,True,80,94.28571428571429,87.37142857142857,0,0,0,77.0819233076923,85.2167571081081,81.89181818181818,83.01214278571429,88.82352935294118,85.72222222222223,86.3460006,86.255001,86.25,Sederhana
333571246316,DGA,5,L,W,3.57,3.46,False,80,94.28571428571429,84.05714285714286,0,0,0,72.00192323076922,82.1672975945946,78.61999990909091,78.27214264285715,81.93411794117647,81.48111133333333,80.7100006,81.965,85.0,Sederhana
333571246329,DFK,5,P,J,3.58,3.81,True,84,94.28571428571429,83.91428571428571,0,0,0,73.34242433333333,83.25514248571429,82.2589475263158,82.64449995,88.17133333333332,89.0599998,82.54250125,88.4,90.25,Sederhana
333571246345,DGA,5,L,D,3.62,3.68,True,80,94.28571428571429,85.74285714285715,0,0,0,75.15538461538462,81.90864913513514,80.78272727272727,84.65499985714287,87.67882352941176,85.72222222222223,86.2539994,73.994999,85.0,Sederhana
333571246374,ITW,5,L,D,3.5,3.58,True,78,94.11428571428571,83.82857142857142,0,0,0,73.0,79.37058852941176,83.3175003,79.4569999,87.83333333333333,87.75,83.63000057142857,82.364,73.16666666666667,Sederhana
333571246439,DFK,5,L,B,3.65,3.75,True,84,94.28571428571429,84.37142857142857,0,0,0,70.05090918181818,88.31285708571428,83.03631552631579,86.29449995,92.2073334,90.8599998,80.43249875000001,83.0099998,89.875,Sederhana
333571246455,PPU,5,L,B,3.68,3.86,True,85,94.37837837837837,86.08108108108108,0,0,0,78.18594608108108,84.50456558695652,83.22450065000001,79.6410004,85.1643753125,89.775,85.32545472727273,82.92749975000001,79.1660004,Sederhana
333571246701,DFK,5,L,D,3.85,3.91,True,84,94.28571428571429,87.02857142857142,0,0,0,75.2618183939394,92.44514291428573,86.79000010526316,87.0779999,90.6573334,88.15999980000001,81.8199995,84.5,87.625,Sederhana
333571246714,DFK,5,L,B,3.88,3.91,True,84,94.28571428571429,87.97142857142858,0,0,0,76.75424239393939,92.94342891428572,86.77263121052631,88.18899995000001,92.36866660000001,89.08000030000001,86.09,83.05,87.875,Sederhana
333571246743,SED,4,L,T,3.05,3.05,False,64,89.66666666666667,73.73333333333333,0,0,0,0.0,0.0,0.0,80.806666,81.5,80.36333466666667,70.0,93.330002,0.0,Bermasalah
333571246756,SED,4,L,T,3.25,3.34,False,64,90.0,78.03333333333333,0,0,0,0.0,0.0,0.0,78.556666,78.5,87.06333433333333,82.5,93.330002,0.0,Sederhana
333571246769,SED,4,L,T,3.62,3.7,True,64,90.0,82.63333333333334,0,0,0,0.0,0.0,0.0,82.443334,86.16666666666667,83.36666600000001,97.5,93.330002,0.0,Sederhana
333571246772,SED,4,L,D,3.7,3.72,True,64,90.0,83.43333333333334,0,0,0,0.0,0.0,0.0,84.77666733333332,83.5,86.83333333333333,97.5,90.129997,0.0,Sederhana
333571246785,SED,4,L,D,3.78,3.72,True,64,90.0,84.66666666666667,0,0,0,0.0,0.0,0.0,84.11000066666666,82.33333333333333,87.81,91.25,93.330002,0.0,Cemerlang
333571246798,SED,4,L,J,3.44,3.17,False,64,89.66666666666667,79.4,0,0,0,0.0,0.0,0.0,83.22333266666668,80.08333333333333,85.14333333333333,92.5,93.330002,0.0,Sederhana
333571246808,SED,4,L,B,3.25,3.32,False,64,90.0,77.83333333333333,0,0,0,0.0,0.0,0.0,78.22333266666668,81.75,86.06333433333333,87.5,93.330002,0.0,Sederhana
333571246811,SED,4,L,T,3.3,3.4,False,64,90.0,77.8,0,0,0,0.0,0.0,0.0,81.193334,85.25,85.45666766666666,87.5,93.330002,0.0,Sederhana
333571246824,SED,4,L,T,3.21,3.2,False,64,90.0,76.56666666666666,0,0,0,0.0,0.0,0.0,78.88999933333334,80.77666733333332,84.03000133333333,77.5,90.0,0.0,Sederhana
333571246837,SED,2,L,D,3.23,3.13,False,40,90.0,77.4,0,0,0,0.0,0.0,0.0,86.83499900000001,85.33333333333333,83.0,0.0,93.0,78.0,Bermasalah
333571246840,SED,4,L,N,3.39,3.34,False,64,90.0,79.26666666666667,0,0,0,0.0,0.0,0.0,77.22333266666668,81.16666666666667,82.22000133333334,87.5,91.110001,0.0,Sederhana
333571246866,SED,4,L,D,3.19,3.19,False,64,90.0,76.23333333333333,0,0,0,0.0,0.0,0.0,77.63999933333334,80.41666666666667,84.58666733333332,86.25,93.330002,0.0,Bermasalah
333571246879,SED,4,L,D,3.33,3.29,False,64,90.0,78.76666666666667,0,0,0,0.0,0.0,0.0,82.22333266666668,83.0,87.92000066666667,87.5,93.330002,0.0,Sederhana
333571246882,SED,4,L,D,3.38,3.44,False,64,90.0,79.4,0,0,0,0.0,0.0,0.0,81.88999933333334,86.66666666666667,84.47000133333334,92.5,91.669998,0.0,Sederhana
333571246895,SLR,4,P,T,3.23,0.0,False,62,89.65517241379311,77.37931034482759,0,0,0,0.0,0.0,0.0,78.5,88.22333266666668,89.02666733333332,81.639999,97.779999,0.0,Sederhana
333571246918,SLR,4,L,T,3.58,0.0,False,62,89.65517241379311,82.3103448275862,0,0,0,0.0,0.0,0.0,86.58333333333333,90.193334,91.47666666666667,99.139999,100.0,0.0,Sederhana
333571246921,SLR,4,L,T,3.46,0.0,False,62,89.65517241379311,80.03448275862068,0,0,0,0.0,0.0,0.0,81.03666700000001,91.41666666666667,90.47333533333334,86.639999,100.0,0.0,Sederhana
333571246934,SLR,4,P,D,3.2,0.0,False,62,89.65517241379311,77.79310344827586,0,0,0,0.0,0.0,0.0,83.14666766666666,87.88999933333334,89.02666733333332,96.639999,95.559998,0.0,Sederhana
333571246947,SLR,4,L,T,3.42,0.0,False,62,89.65517241379311,78.3103448275862,0,0,0,0.0,0.0,0.0,78.5,86.24333466666667,88.91666666666667,85.779999,95.559998,0.0,Sederhana
333571246989,SLR,4,P,D,3.27,0.0,False,62,89.65517241379311,78.75862068965517,0,0,0,0.0,0.0,0.0,81.87000033333334,90.22333266666668,90.140002,96.639999,97.779999,0.0,Sederhana
333571246992,SLR,4,P,T,3.1,0.0,False,62,89.65517241379311,76.3103448275862,0,0,0,0.0,0.0,0.0,78.5,90.556666,88.25,84.139999,97.779999,0.0,Sederhana
333571247030,SLR,4,L,T,3.4,0.0,False,62,89.65517241379311,79.13793103448276,0,0,0,0.0,0.0,0.0,82.11000066666666,86.52666733333332,89.25,85.389999,97.779999,0.0,Sederhana
333571247072,SLR,4,L,D,3.14,0.0,False,62,89.65517241379311,78.3103448275862,0,0,0,0.0,0.0,0.0,79.58333333333333,85.84333299999999,88.02666733333332,81.639999,97.779999,0.0,Sederhana
333571247153,DGA,4,L,D,3.63,3.69,True,63,92.89655172413794,85.44827586206897,0,0,0,69.696875125,83.23500007142857,81.22461646153846,78.9960007,82.3325005,82.41666666666667,76.88750075,82.1949995,82.5,Sederhana
333571247166,DGA,4,L,T,3.07,3.04,False,63,93.10344827586206,78.93103448275862,0,0,0,55.2668748125,76.81749992857144,70.05153830769231,70.7349999,84.30500033333333,69.66666666666667,70.205,70.70499799999999,75.0,Sederhana
333571247179,DGA,4,L,T,3.62,3.59,True,63,93.10344827586206,85.6896551724138,0,0,0,74.5275001875,83.16142796428572,76.40230792307692,77.6410004,85.9174995,81.83333333333333,87.47000125,83.29499849999999,80.0,Sederhana
333571247195,DGA,4,L,D,3.69,3.51,True,63,92.89655172413794,85.6896551724138,0,0,0,75.377500125,84.53499964285713,78.89153823076923,81.3910004,84.90749991666667,83.75,82.55500025,69.654999,76.25,Sederhana
333571247218,DGA,4,L,B,3.41,3.51,True,63,92.89655172413794,81.86206896551724,0,0,0,61.449375125,80.4339285,70.70461507692308,78.4909996,85.19416683333334,79.41666666666667,78.23499875,67.704998,86.25,Sederhana
333571247247,DGA,4,L,D,3.75,3.69,True,63,93.10344827586206,87.82758620689656,0,0,0,72.72625024999999,86.10142839285713,80.86923138461538,84.8130005,89.64750033333333,82.375,87.14999975,90.424999,92.5,Sederhana
333571247250,DGA,4,L,T,3.88,3.8,True,63,92.89655172413794,89.89655172413794,0,0,0,82.1624999375,88.11071367857143,86.25384700000001,87.8360001,91.564167,85.33333333333333,90.67250075,88.424999,91.25,Cemerlang
333571247263,DGA,4,L,T,3.46,3.24,False,63,93.10344827586206,83.51724137931035,0,0,0,65.1137504375,83.44964264285714,74.6884613846154,78.93300020000001,82.75,83.91666666666667,73.82749925,69.7350005,71.25,Sederhana
333571247289,DGA,4,L,D,3.63,3.69,True,63,93.10344827586206,86.17241379310344,0,0,0,71.9612499375,82.90142896428571,80.20923146153847,82.55800020000001,84.5825005,84.33333333333333,86.89500050000001,90.0,83.75,Sederhana
333571247292,DGA,4,L,D,3.47,3.49,False,63,93.10344827586206,83.58620689655173,0,0,0,67.184375375,80.69071467857144,77.036154,74.7189998,83.67583333333333,86.0,71.06749925,71.16500099999999,72.5,Sederhana
333571247302,DGA,4,L,D,3.71,3.68,True,63,93.10344827586206,86.6896551724138,0,0,0,74.01437525,83.15714292857142,80.55076892307693,84.7,88.71333308333334,85.08333333333333,82.4399985,76.47999949999999,93.75,Sederhana
333571247315,DGA,4,L,T,3.76,3.68,True,63,93.10344827586206,86.51724137931035,0,0,0,79.9743748125,83.56035753571429,79.35153784615385,82.068,86.06499983333333,87.83333333333333,84.77999875,79.5400005,77.5,Sederhana
333571247331,DGA,4,P,C,3.07,3.04,False,63,93.10344827586206,79.13793103448276,0,0,0,58.049374625,77.8410709642857,73.76461430769231,71.5799996,76.8325005,68.125,69.205,67.279999,85.0,Sederhana
333571247344,DGA,3,L,T,3.64,3.69,True,47,81.54545454545455,84.77272727272727,0,0,0,68.82266633333333,84.141818,80.21222255555556,76.31857185714286,82.48454563636363,87.70833333333333,90.33499900000001,93.080002,68.25,Sederhana
333571247360,DGA,4,L,D,3.57,3.68,True,63,93.10344827586206,85.41379310344827,0,0,0,68.7225003125,85.25249967857143,79.13538484615385,81.161,85.75833383333332,85.0,76.56749925,70.59,87.5,Sederhana
333571247373,DGA,4,L,D,3.65,3.73,True,63,93.10344827586206,85.72413793103448,0,0,0,73.8874998125,81.73928553571429,80.5730766923077,82.0190003,87.00916666666667,81.83333333333333,82.30500025,84.965,76.25,Sederhana
333571247506,ITW,4,L,T,3.33,3.55,True,60,89.28571428571429,83.5,0,0,0,76.36111111111111,74.25074055555557,83.2840004,83.47624962500001,85.77272727272727,83.75,85.0320006,87.139999,69.16666666666667,Sederhana
333571247519,ITW,4,L,T,3.47,3.61,True,60,89.28571428571429,84.35714285714286,0,0,0,83.0,76.5081478888889,81.136,84.12625025,84.36363636363636,88.75,79.2300004,62.290001,70.66666666666667,Sederhana
333571247522,ITW,4,L,A,3.58,3.85,True,60,92.85714285714286,86.07142857142857,0,0,0,80.58333333333333,79.22592618518519,83.4279999,81.022500125,94.13636363636364,82.5,88.0440002,81.43,80.83333333333333,Sederhana
333571247535,ITW,4,L,T,3.75,3.85,True,60,89.28571428571429,87.42857142857143,0,0,0,82.80555555555556,84.56666648148148,80.8960008,77.907499375,89.5,83.75,87.3800004,68.0,78.33333333333333,Sederhana
333571247548,ITW,4,L,D,3.37,3.71,True,60,92.85714285714286,83.35714285714286,0,0,0,76.38888888888889,76.70296333333334,84.787999,76.390000375,87.4090909090909,75.0,80.53000039999999,75.139999,80.66666666666667,Sederhana
333571247551,ITW,4,L,C,3.83,3.94,True,60,89.28571428571429,89.25,0,0,0,84.05555555555556,84.73703677777777,87.4079995,86.491249875,92.5909090909091,88.75,84.9140016,71.709999,79.16666666666667,Sederhana
333571247564,ITW,4,L,D,3.49,3.68,True,60,92.85714285714286,84.78571428571429,0,0,0,79.58333333333333,76.40222225925926,86.7039994,76.778750375,92.45454545454545,81.25,85.5040008,88.57,68.33333333333333,Sederhana
333571247577,ITW,3,L,T,3.15,3.07,False,30,80.0,79.8,0,0,0,64.05555555555556,75.68235282352941,79.1150015,62.5,85.77777777777777,80.0,60.0,63.43,58.75,Sederhana
333571247580,ITW,4,L,T,3.44,3.56,True,60,92.67857142857143,84.17857142857143,0,0,0,80.47222222222223,76.74259270370369,82.48199989999999,76.854999625,89.95454545454545,82.5,79.37399880000001,63.709999,74.0,Sederhana
333571247593,ITW,4,L,D,3.44,3.48,False,60,89.10714285714286,84.64285714285714,0,0,0,79.55555555555556,74.89888903703704,84.9150001,86.431250625,87.95454545454545,82.5,90.26800080000001,86.860001,73.16666666666667,Sederhana
333571247603,ITW,4,L,A,3.38,3.5,True,60,92.85714285714286,83.39285714285714,0,0,0,74.55555555555556,75.24259240740741,80.2449998,86.472499875,88.13636363636364,82.5,87.95200059999999,79.43,75.66666666666667,Sederhana
333571247616,ITW,4,L,T,3.54,3.65,True,60,89.28571428571429,84.67857142857143,0,0,0,71.94444444444444,82.77222214814816,82.7380005,77.28625025,86.13636363636364,82.5,83.60599979999999,75.43,70.16666666666667,Sederhana
333571247632,ITW,4,L,C,3.65,3.72,True,60,92.85714285714286,87.35714285714286,0,0,0,81.30555555555556,81.10259274074075,86.8750001,78.03625025,93.86363636363636,85.0,90.08000039999999,80.0,76.66666666666667,Sederhana
333571247645,ITW,4,L,T,3.44,3.44,False,60,92.85714285714286,83.71428571428571,0,0,0,77.69444444444444,75.78222233333334,82.18199999999999,76.140000375,93.63636363636364,77.0,89.2259994,87.43,68.33333333333333,Sederhana
333571247658,ITW,4,L,W,3.19,3.34,False,60,89.28571428571429,81.42857142857143,0,0,0,71.80555555555556,72.74592588888889,83.0370003,77.782499375,81.22727272727273,78.75,82.9960006,84.0,70.0,Sederhana
333571247661,ITW,4,P,T,3.74,3.85,True,60,92.85714285714286,88.0,0,0,0,84.77777777777777,80.79481481481481,84.9900009,93.68375025,97.0909090909091,77.0,91.80800020000001,93.43,69.16666666666667,Sederhana
333571247687,ITW,4,L,D,3.51,3.59,True,60,92.67857142857143,84.0,0,0,0,75.02777777777777,78.90666651851852,81.6379989,75.67249975,94.0,80.0,86.1479996,80.0,70.83333333333333,Sederhana
333571247690,ITW,4,L,D,3.36,3.41,False,60,89.28571428571429,82.71428571428571,0,0,0,71.69444444444444,79.81222222222222,79.95900040000001,71.83749962499999,89.4090909090909,83.75,79.6720002,59.139999,67.5,Sederhana
333571247700,ITW,4,L,A,3.75,4.0,True,60,92.85714285714286,88.10714285714286,0,0,0,80.41666666666667,84.86407448148148,84.3980004,78.22375,89.81818181818181,91.25,90.3040008,87.43,70.0,Sederhana
333571247713,ITW,4,L,T,3.27,3.68,True,60,92.85714285714286,82.28571428571429,0,0,0,77.0,72.84777774074074,83.0240005,74.90999975,88.86363636363636,82.5,84.1299988,69.709999,71.66666666666667,Sederhana
333571247739,ITW,4,L,T,3.67,3.75,True,60,89.28571428571429,86.78571428571429,0,0,0,81.77777777777777,80.61888855555556,84.95300069999999,82.87874975,88.36363636363636,88.75,88.9,64.290001,85.83333333333333,Sederhana
333571247771,ITW,4,L,C,3.7,3.87,True,60,92.85714285714286,87.53571428571429,0,0,0,88.16666666666667,77.04185207407407,85.5259995,91.900000625,96.86363636363636,88.75,87.5320008,76.57,72.5,Sederhana
333571247797,ITW,4,L,D,3.45,3.65,True,60,89.28571428571429,84.60714285714286,0,0,0,73.66666666666667,78.46629618518519,83.13299939999999,80.53125,87.04545454545455,86.25,85.0279998,87.139999,69.16666666666667,Sederhana
333571247810,ITW,4,L,B,3.35,3.65,True,60,92.85714285714286,83.5,0,0,0,77.30555555555556,74.95000007407408,81.9099994,87.015000375,85.95454545454545,82.5,79.186,77.709999,71.66666666666667,Sederhana
333571247823,ITW,4,L,T,2.96,3.36,False,60,92.25,78.75,0,0,0,71.52777777777777,70.13703692592593,77.6970012,70.4087505,80.68181818181819,80.75,74.09799960000001,57.139999,67.5,Sederhana
333571247836,ITW,4,L,T,3.21,3.36,False,60,92.46428571428571,81.60714285714286,0,0,0,74.38888888888889,75.31888892592593,77.05,69.592499875,83.95454545454545,76.25,81.7940002,70.0,75.0,Sederhana
333571247849,ITW,4,L,T,3.21,3.61,True,60,92.67857142857143,81.5,0,0,0,78.16666666666667,73.70703718518519,82.448001,70.83124925,81.63636363636364,82.5,76.2399994,57.139999,66.66666666666667,Bermasalah
333571247852,ITW,4,L,T,3.35,3.68,True,60,89.28571428571429,82.96428571428571,0,0,0,74.33333333333333,78.04185170370371,80.9180016,78.21500025,87.04545454545455,81.25,76.6420016,56.0,75.0,Sederhana
333571247865,ITW,4,L,B,3.4,3.79,True,60,89.28571428571429,82.82142857142857,0,0,0,72.94444444444444,78.04888851851852,80.6500001,77.4349995,81.95454545454545,81.25,77.7940002,56.0,78.33333333333333,Sederhana
333571247878,ITW,4,L,C,3.19,3.61,True,60,89.28571428571429,81.03571428571429,0,0,0,72.5,73.26259218518518,83.2860009,82.32125,86.3409090909091,76.25,75.23199919999999,54.290001,60.0,Sederhana
333571247881,ITW,4,L,C,3.49,3.74,True,60,89.28571428571429,85.82142857142857,0,0,0,82.38888888888889,76.48962966666667,87.0599997,87.0562505,86.86363636363636,78.75,84.7140016,90.57,76.5,Sederhana
333571247894,ITW,4,L,D,3.49,3.68,True,60,89.10714285714286,84.57142857142857,0,0,0,74.80555555555556,79.43370366666667,84.7270004,75.06624975,88.86363636363636,81.25,89.0639998,77.43,75.0,Sederhana
333571247904,PPU,4,L,T,3.82,3.71,True,66,93.33333333333333,89.73333333333333,0,0,0,82.96838699999999,90.17897479487179,85.76588258823529,85.88166683333333,90.3125,85.30000025,89.07500075,82.57,78.3325005,Sederhana
333571247917,PPU,4,L,D,3.4,3.38,False,66,93.13333333333334,83.73333333333333,0,0,0,69.11387119354838,81.25666692307692,82.91,70.0766665,82.35000037500001,79.98750025,79.0,73.139999,77.2924995,Sederhana
333571247933,PPU,4,L,J,3.68,3.66,True,66,93.33333333333333,86.83333333333333,0,0,0,76.54903241935483,84.43435933333333,86.50882405882352,77.33333333333333,88.125,79.32499975,86.69999975,82.57,78.3325005,Sederhana
333571247946,PPU,4,L,D,3.61,3.66,True,66,93.13333333333334,85.76666666666667,0,0,0,76.18870987096774,83.93435866666667,84.6905885882353,79.04166666666667,84.22875025,80.875,78.136250625,73.43,80.8325005,Sederhana
333571247962,PPU,4,L,D,3.27,3.38,False,66,93.13333333333334,81.8,0,0,0,66.05645161290323,80.4738461025641,81.66882370588235,68.8266665,81.39624975,75.07499975,75.625,56.57,82.5,Sederhana
333571247975,PPU,4,L,T,3.53,3.55,True,66,92.93333333333334,84.36666666666666,0,0,0,72.67129025806452,83.33666720512821,83.23058858823529,68.75666683333334,81.64624975,82.425000125,77.59999925,62.0,77.5,Sederhana
333571247988,PPU,4,L,D,3.45,3.53,True,66,93.33333333333333,83.06666666666666,0,0,0,66.2187099032258,84.63000020512821,80.54647105882353,77.0,83.35375025,73.473750125,72.82500075,63.139999,80.8325005,Sederhana
333571248000,PPU,4,L,T,3.4,3.68,True,66,93.13333333333334,82.83333333333333,0,0,0,68.68870987096774,82.57025676923077,84.55235288235293,74.06999966666667,83.4375,78.0,72.875,58.290001,76.6674995,Sederhana
333571248013,PPU,4,L,T,3.5,3.63,True,66,93.13333333333334,84.3,0,0,0,76.70645167741935,81.89615441025641,80.13235335294118,77.06999966666667,83.25,75.32499975,80.07499975,66.290001,76.0424995,Sederhana
333571248026,PPU,4,L,D,3.34,3.56,True,66,92.8,82.23333333333333,0,0,0,68.98935480645162,81.74256451282051,80.14176494117648,67.71500016666667,81.77124975,77.856250375,71.599999375,52.860001,77.5,Sederhana
333571248042,PPU,4,L,D,3.72,3.66,True,66,93.33333333333333,87.76666666666667,0,0,0,78.84677419354838,87.94461528205129,84.48235294117647,70.59000016666667,86.89624975,83.92500025,84.199999875,77.139999,84.375,Sederhana
333571248055,PPU,4,L,T,3.66,3.59,True,66,93.33333333333333,86.1,0,0,0,75.81999996774194,85.74641061538462,85.44647129411766,75.6733335,83.44625,81.275000625,77.75,63.43,77.5,Sederhana
333571248071,PPU,4,L,T,3.49,3.45,False,66,92.8,84.53333333333333,0,0,0,70.60225803225806,83.11897435897436,84.22411799999999,82.24666716666667,81.58374975,80.04999925,78.53750037500001,62.57,77.5,Sederhana
333571248084,PPU,4,L,D,3.66,3.59,True,66,93.33333333333333,86.0,0,0,0,74.27903232258065,87.0115385897436,84.463706,74.33333333333333,85.0,75.80000025,81.7124995,80.290001,78.3325005,Sederhana
333571248107,DFK,4,P,T,2.97,3.37,False,67,89.65517241379311,74.17241379310344,0,0,0,62.80000011111111,69.81103441379311,75.40357178571428,80.06428578571429,80.89846223076923,84.15555577777778,64.35000000000001,76.44999975,83.625,Sederhana
333571248123,SLR,4,L,T,3.49,0.0,False,62,89.65517241379311,79.96551724137932,0,0,0,0.0,0.0,0.0,79.25,90.16666666666667,89.91666666666667,84.139999,97.779999,0.0,Sederhana
333571248178,SLR,4,L,T,3.37,0.0,False,62,89.44827586206897,80.72413793103448,0,0,0,0.0,0.0,0.0,79.41666666666667,90.983335,92.80666866666667,79.139999,97.779999,0.0,Bermasalah
333571248181,SLR,4,L,D,3.04,0.0,False,62,89.65517241379311,75.82758620689656,0,0,0,0.0,0.0,0.0,78.91666666666667,87.86000066666666,86.34999833333335,77.5,95.559998,0.0,Bermasalah
333571248288,ITW,4,L,D,3.42,3.81,True,60,89.10714285714286,83.75,0,0,0,71.27777777777777,80.15851844444444,83.2340013,80.593749875,83.77272727272727,83.75,89.2080002,56.290001,70.83333333333333,Sederhana
333571248291,DGA,4,L,T,3.77,3.8,True,63,93.10344827586206,87.44827586206897,0,0,0,71.5443755,85.91321392857142,86.06461507692308,81.568,87.66666666666667,85.16666666666667,84.7875005,86.1150015,85.0,Sederhana
333571248301,ITW,4,L,D,3.71,3.89,True,60,92.85714285714286,86.75,0,0,0,83.66666666666667,80.49925944444443,84.6290001,80.231249625,94.31818181818181,86.25,85.1500016,73.709999,71.66666666666667,Sederhana
333571248314,SED,4,L,D,3.58,3.53,True,64,90.0,81.23333333333333,0,0,0,0.0,0.0,0.0,85.13999933333334,81.0,82.5,97.5,91.370003,0.0,Sederhana
333571248330,PPU,4,L,D,3.05,3.3,False,66,93.33333333333333,79.0,0,0,0,53.13709703225806,78.09641028205128,82.68470635294118,74.153333,83.72875025,72.47500037500001,74.827499375,56.0,80.8325005,Sederhana
333571248372,ITW,4,L,D,3.22,3.34,False,60,92.85714285714286,82.0,0,0,0,73.44444444444444,74.45481474074074,81.8010002,73.960000125,85.95454545454545,80.0,85.1779998,72.860001,74.16666666666667,Sederhana
333571248385,SED,4,L,T,3.32,3.37,False,64,90.0,77.73333333333333,0,0,0,0.0,0.0,0.0,81.22333266666668,80.5,86.59666699999998,82.5,92.349998,0.0,Sederhana
333571248398,ITW,4,L,T,3.39,3.48,False,60,89.07142857142857,83.32142857142857,0,0,0,74.58333333333333,78.24925937037038,81.66499999999999,77.75500012500001,89.31818181818181,86.25,78.4360002,59.139999,79.16666666666667,Sederhana
333571248408,ITW,4,L,T,3.37,3.66,True,60,89.28571428571429,83.35714285714286,0,0,0,74.41666666666667,76.94259244444444,85.5599998,78.0112495,85.04545454545455,76.25,86.0240006,78.290001,71.66666666666667,Sederhana
333571248411,PPU,4,L,D,3.48,3.49,False,66,93.33333333333333,84.26666666666667,0,0,0,72.63322596774194,84.81871815384615,83.61882470588235,71.9799995,84.75,76.0,77.400000625,62.290001,78.3325005,Sederhana
333571248534,ITW,4,L,T,3.53,3.83,True,60,92.85714285714286,85.46428571428571,0,0,0,78.11111111111111,77.79370399999999,86.4929992,83.0112505,89.4090909090909,88.75,85.7080002,75.43,71.66666666666667,Sederhana
333571248547,PPU,4,L,B,3.24,3.41,False,66,93.13333333333334,81.93333333333334,0,0,0,62.58064516129032,80.38717987179487,82.55294152941177,73.0766665,80.64624975,79.55000025,72.63749975,60.290001,83.125,Sederhana
333571248550,PPU,4,L,D,3.48,3.66,True,66,93.33333333333333,83.26666666666667,0,0,0,64.99258077419354,83.77333320512821,83.47294170588236,74.09833266666666,84.54125025,80.25,77.2750005,60.57,80.8325005,Sederhana
333571248576,PPU,4,L,D,3.58,3.59,True,66,93.33333333333333,84.5,0,0,0,70.99741929032258,83.36820502564103,85.047059,74.91666666666667,86.69625,77.42500025,78.387499875,60.860001,85.625,Sederhana
333571248602,DGA,4,L,D,3.74,3.7,True,63,92.6896551724138,86.62068965517241,0,0,0,75.6793748125,85.65785774999999,80.98076923076923,82.66900030000001,84.78666683333334,80.66666666666667,80.90999975,84.540001,82.5,Sederhana
333571248631,DGA,4,L,D,3.55,3.6,True,63,92.89655172413794,84.41379310344827,0,0,0,69.3768749375,82.99035703571428,78.56615515384615,78.8720002,82.15666708333333,84.33333333333333,80.60000025,71.540001,92.5,Sederhana
333571248657,DFK,4,L,T,3.37,3.02,False,67,89.65517241379311,79.86206896551724,0,0,0,66.52592596296296,81.88344810344827,76.11428592857143,82.88142835714287,86.08769223076924,89.15555577777778,63.139999,83.64999962499999,90.125,Sederhana
333571248673,ITW,4,L,T,3.57,3.74,True,60,89.28571428571429,86.67857142857143,0,0,0,82.05555555555556,79.63407414814816,86.6519998,83.33125,91.04545454545455,86.25,91.5320008,69.43,66.66666666666667,Sederhana
333571248686,DFK,4,L,D,3.54,3.28,False,67,89.24137931034483,80.96551724137932,0,0,0,69.09407411111111,85.78758624137932,79.04571478571428,81.7064285,85.20846146153846,84.77777777777777,56.924999,80.42500025,88.25,Sederhana
333571248738,SLR,3,L,D,3.18,2.94,False,57,92.85714285714286,76.67857142857143,0,0,0,0.0,0.0,0.0,81.33333333333333,84.0740006,86.82333366666667,76.080002,94.0039994,90.0,Sederhana
333571248754,SLR,3,P,T,3.18,3.12,False,52,91.66666666666667,72.79166666666667,0,0,0,0.0,0.0,0.0,82.0,87.1674995,78.33499900000001,0.0,91.5,89.0,Bermasalah
333571248819,SLR,3,L,D,3.48,3.32,False,57,92.85714285714286,80.64285714285714,0,0,0,0.0,0.0,0.0,81.83333333333333,88.7940002,79.22000133333333,73.970001,93.4,96.0,Sederhana
333571248822,SLR,3,L,T,2.7,2.77,False,46,85.4090909090909,70.63636363636364,0,0,0,0.0,0.0,0.0,84.0,85.0825005,83.66500099999999,0.0,89.0,91.5,Bermasalah
333571248835,SLR,3,L,B,3.39,3.36,False,57,92.85714285714286,79.53571428571429,0,0,0,0.0,0.0,0.0,82.63999933333334,85.3199996,84.92000066666667,75.599998,90.4,93.0,Sederhana
333571248848,SLR,3,L,T,3.17,2.85,False,57,92.85714285714286,76.53571428571429,0,0,0,0.0,0.0,0.0,79.33333333333333,84.4759994,84.36666600000001,76.550003,94.0,93.5,Sederhana
333571248851,SLR,3,L,B,3.31,3.17,False,52,92.0,78.16,0,0,0,0.0,0.0,0.0,82.0,86.0,81.66500099999999,0.0,91.0,91.5,Sederhana
333571248893,SLR,3,L,T,3.34,3.22,False,57,92.71428571428571,77.89285714285714,0,0,0,0.0,0.0,0.0,81.16666666666667,83.2320008,85.08333333333333,74.830002,89.4259994,93.5,Sederhana
333571248916,SLR,3,L,T,3.45,3.24,False,57,92.85714285714286,79.71428571428571,0,0,0,0.0,0.0,0.0,81.443334,86.65,87.14333333333333,66.379997,94.0,93.0,Sederhana
333571248932,SLR,3,P,D,3.01,3.07,False,52,92.0,73.6,0,0,0,0.0,0.0,0.0,79.5,92.5825005,85.66500099999999,0.0,91.0,89.5,Bermasalah
333571249012,SLR,3,L,T,3.73,3.57,True,57,92.85714285714286,83.64285714285714,0,0,0,0.0,0.0,0.0,82.41666666666667,89.6199996,80.443334,68.099998,94.0660004,96.0,Sederhana
333571249038,SLR,3,L,T,2.87,2.64,False,57,92.85714285714286,72.92857142857143,0,0,0,0.0,0.0,0.0,79.58333333333333,83.672,80.28666700000001,70.690002,90.4660004,91.5,Sederhana
333571249067,SLR,3,P,T,3.31,3.16,False,57,92.85714285714286,78.67857142857143,0,0,0,0.0,0.0,0.0,79.86000066666666,89.45400079999999,85.283333,71.940002,91.86600039999999,86.0,Sederhana
333571249083,SLR,3,L,D,3.29,3.08,False,57,92.85714285714286,77.07142857142857,0,0,0,0.0,0.0,0.0,81.83333333333333,80.9279998,79.233335,68.970001,92.0740006,94.0,Sederhana
333571249148,SLR,3,P,T,3.17,3.07,False,52,91.66666666666667,72.375,0,0,0,0.0,0.0,0.0,77.0,85.0825005,77.66500099999999,0.0,91.5,89.0,Sederhana
333571249177,DGA,3,L,B,3.56,3.62,True,47,90.9090909090909,85.9090909090909,0,0,0,74.6646153076923,82.73052531578948,78.217777,81.79714314285715,84.63636363636364,89.0,91.33499900000001,75.470001,87.5,Sederhana
333571249180,DGA,3,L,D,3.61,3.66,True,47,90.9090909090909,85.5,0,0,0,69.44076884615384,86.90526336842106,74.28888833333333,81.30142871428572,88.24272709090909,95.20833333333333,91.33499900000001,85.529999,44.5,Sederhana
333571249193,DGA,3,L,D,3.86,3.89,True,47,90.9090909090909,91.04545454545455,0,0,0,85.09153807692307,88.95631610526316,82.87555522222222,87.45142914285714,92.75727290909091,94.79166666666667,92.33499900000001,89.309998,89.0,Cemerlang
333571249211,DCG*,3,L,T,2.98,2.78,False,45,92.85714285714286,71.92857142857143,0,0,0,69.97909054545454,75.35904733333334,67.18000029999999,76.34555511111111,75.71333299999999,73.76199940000001,70.125,78.36000075,70.0,Sederhana
333571249216,DFK,3,L,M,3.94,3.94,True,54,91.30434782608695,89.78260869565217,0,0,0,79.8581820909091,93.33695617391304,86.587500625,86.0,94.20749983333333,91.24444411111111,0.0,91.69999975,93.0,Sederhana
333571249229,DGA,3,L,D,3.61,3.72,True,47,90.9090909090909,86.36363636363636,0,0,0,76.75384584615384,84.99789426315789,77.31,76.30571528571429,83.36363636363636,94.0,88.0,93.080002,89.5,Sederhana
333571249232,DGA,3,L,T,3.64,3.66,True,47,90.9090909090909,87.36363636363636,0,0,0,76.25461553846154,86.63157889473685,76.55666688888888,82.14142828571428,83.72818127272727,92.45833333333333,88.0,86.160004,91.0,Sederhana
333571249245,DGA,3,L,B,3.39,3.35,False,47,90.63636363636364,83.9090909090909,0,0,0,71.893077,80.74157878947369,71.54999966666668,74.51,84.06181745454546,94.66666666666667,91.33499900000001,86.160004,85.5,Sederhana
333571249258,DGA,3,L,D,3.23,3.33,False,47,90.9090909090909,82.0909090909091,0,0,0,59.93538461538461,80.39210578947369,73.30555466666667,70.33285742857143,77.90818236363636,93.16666666666667,90.33499900000001,82.389999,94.5,Sederhana
333571249261,DGA,3,L,D,3.56,3.59,True,47,90.9090909090909,86.4090909090909,0,0,0,77.59615392307693,84.03631631578948,78.36444511111111,77.37857171428571,85.0909090909091,94.41666666666667,91.33499900000001,86.160004,87.5,Sederhana
333571249274,DGA,3,L,T,3.46,3.6,True,47,90.36363636363636,84.63636363636364,0,0,0,68.29307676923077,83.58473642105263,73.498889,82.55571528571429,85.27272727272727,92.91666666666667,88.0,93.080002,89.0,Sederhana
333571249287,DGA,3,L,D,3.47,3.51,True,47,90.4090909090909,83.68181818181819,0,0,0,71.83692284615384,82.98578963157894,72.985555,78.84428628571428,86.39363654545456,94.0,90.33499900000001,82.389999,44.5,Sederhana
333571249313,DGA,3,L,C,3.75,3.77,True,47,90.9090909090909,88.5909090909091,0,0,0,80.83000015384616,86.207369,79.40999955555554,84.16714257142857,87.84909054545454,93.04166666666667,89.0,75.470001,91.0,Sederhana
333571249339,DGA,3,L,T,3.64,3.67,True,47,90.9090909090909,86.5909090909091,0,0,0,75.83153823076923,86.34105278947368,77.07666522222222,78.40571371428572,80.9090909090909,93.16666666666667,87.0,85.529999,85.5,Sederhana
333571249342,DGA,3,L,D,3.59,3.57,True,47,90.63636363636364,86.5,0,0,0,71.74153838461538,86.41789436842105,74.42555477777779,77.52428542857142,83.15090945454546,93.04166666666667,87.0,76.099998,94.5,Sederhana
333571249355,DGA,2,L,T,3.57,3.76,True,28,66.26666666666667,86.33333333333333,0,0,0,65.7275005,83.98999966666666,80.77833316666666,100.0,85.05500037499999,92.4,86.669998,0.0,89.0,Sederhana
333571249368,DGA,3,L,D,3.7,3.69,True,47,90.9090909090909,87.9090909090909,0,0,0,76.03538415384615,87.95894742105263,79.57333366666666,74.38142828571428,86.45454545454545,97.08333333333333,93.66500099999999,89.940002,93.0,Sederhana
333571249384,DGA,3,L,T,3.68,3.66,True,47,90.9090909090909,87.72727272727273,0,0,0,77.45307653846154,83.70052663157894,83.52444377777778,85.07142857142857,84.33363618181818,94.16666666666667,88.0,85.529999,91.0,Sederhana
333571249397,DGA,3,L,T,3.56,3.59,True,47,90.63636363636364,86.31818181818181,0,0,0,74.30769176923077,84.03368494736843,76.20777633333334,74.24285671428572,86.21181836363637,97.83333333333333,90.33499900000001,85.529999,94.5,Sederhana
333571249407,DGA,3,L,T,3.61,3.66,True,47,90.9090909090909,86.72727272727273,0,0,0,73.98692261538461,83.43263121052631,78.91888855555555,81.36857171428572,84.72727272727273,93.33333333333333,88.0,89.309998,90.0,Sederhana
333571249410,DGA,3,L,C,3.54,3.57,True,47,90.9090909090909,85.13636363636364,0,0,0,69.08846107692308,82.88263136842106,73.86777744444446,78.71714228571429,86.36272781818182,93.54166666666667,94.66500099999999,82.389999,92.5,Sederhana
333571249423,DGA,3,L,D,3.53,3.56,True,47,90.9090909090909,85.68181818181819,0,0,0,71.40384607692307,84.96263157894737,75.34555555555556,72.654286,84.03000018181818,94.5,88.0,82.690002,94.5,Sederhana
333571249436,DGA,3,L,D,3.63,3.75,True,47,90.9090909090909,87.54545454545455,0,0,0,73.433077,86.67894747368422,78.22666588888889,78.105714,88.81909036363636,96.41666666666667,91.33499900000001,88.68,94.5,Sederhana
333571249449,DGA,3,L,T,3.38,3.43,False,47,90.9090909090909,83.45454545454545,0,0,0,65.78999992307692,81.63789531578948,73.07111088888888,73.36142842857143,83.54545454545455,92.2966665,91.33499900000001,79.25,87.0,Sederhana
333571249452,DGA,3,L,D,3.69,3.82,True,47,90.9090909090909,87.36363636363636,0,0,0,74.00692276923077,85.39263236842105,81.11444433333332,82.81571414285715,87.27363581818182,96.29166666666667,86.0,76.099998,93.0,Sederhana
333571249465,DGA,3,L,K,3.61,3.64,True,47,90.9090909090909,86.5,0,0,0,77.31999969230769,84.33894784210526,70.42222166666666,81.682857,86.84909054545454,96.625,89.33499900000001,79.25,93.0,Sederhana
333571249478,DGA,3,L,T,3.55,3.63,True,47,90.36363636363636,87.0,0,0,0,78.19230761538462,82.72947368421053,74.54999966666668,84.42857142857143,85.0,95.5,89.0,89.309998,91.0,Sederhana
333571249481,DGA,3,L,T,3.69,3.73,True,47,90.63636363636364,88.22727272727273,0,0,0,79.77846176923077,85.67947384210527,80.397778,84.42857142857143,84.27272727272727,93.58333333333333,91.33499900000001,85.529999,91.5,Sederhana
333571249494,DGA,3,L,T,3.0,3.08,False,47,90.63636363636364,79.77272727272727,0,0,0,60.71923115384615,73.24789426315789,69.19444444444444,70.97571457142857,75.45454545454545,91.16666666666667,83.66500099999999,89.940002,93.0,Sederhana
333571249504,DGA,3,L,D,3.38,3.51,True,47,90.63636363636364,83.63636363636364,0,0,0,63.72076946153846,79.85368421052631,73.40777766666666,84.60428614285715,83.696364,95.0,87.0,79.25,94.5,Sederhana
333571249517,DGA,3,P,T,3.48,3.57,True,47,90.63636363636364,85.0,0,0,0,68.23153838461539,82.792105,76.62111055555556,79.41857142857143,85.90272727272728,93.375,90.33499900000001,82.389999,86.5,Sederhana
333571249520,DGA,3,L,D,3.58,3.62,True,47,90.9090909090909,86.77272727272727,0,0,0,74.72153823076923,85.07315821052632,77.24666633333334,77.6471427142857,83.94545472727272,94.54166666666667,88.0,79.25,91.5,Sederhana
333571249533,DGA,3,L,N,3.75,3.66,True,47,90.9090909090909,88.5909090909091,0,0,0,77.70307723076922,88.05894668421053,76.71333277777778,81.624285,85.87818218181818,94.70833333333333,94.66500099999999,79.25,93.0,Sederhana
333571249546,DGA,3,P,T,3.35,3.61,True,47,90.63636363636364,82.54545454545455,0,0,0,61.29846192307692,80.23999894736842,77.16888855555555,75.13142828571428,83.42454527272727,92.75,88.0,75.470001,84.0,Sederhana
333571249559,DGA,3,L,T,3.6,3.6,True,47,90.63636363636364,86.5,0,0,0,75.98384623076923,85.94789447368422,73.47333344444445,83.13285714285713,82.36363636363636,94.0,88.0,82.389999,87.5,Sederhana
333571249562,DGA,3,L,B,3.65,3.57,True,47,90.9090909090909,86.54545454545455,0,0,0,77.32307692307693,84.77315768421053,74.73333266666667,76.05142871428572,86.57545472727273,94.58333333333333,94.66500099999999,79.25,89.5,Sederhana
333571249575,DGA,3,L,B,3.41,3.42,False,47,90.9090909090909,84.5,0,0,0,68.62923023076922,80.10947357894737,76.58999977777778,81.114285,85.60636345454544,95.75,87.0,76.099998,94.5,Sederhana
333571249588,DGA,3,L,D,3.31,3.35,False,47,90.4090909090909,83.0909090909091,0,0,0,61.71846146153847,80.25947368421053,69.53111144444443,73.78571428571429,84.18090963636364,95.95833333333333,86.0,76.099998,94.5,Sederhana
333571249591,DCG*,3,L,T,3.23,3.32,False,45,92.85714285714286,74.42857142857143,0,0,0,70.92272672727273,77.61190428571429,72.4730004,75.11999977777778,69.95333366666667,73.86600039999999,74.5625,77.47249975,80.0,Sederhana
333571249601,DCG*,3,L,B,3.48,3.52,True,45,92.42857142857143,78.14285714285714,0,0,0,72.46454545454546,82.087143,75.2440003,78.81555511111111,75.47666666666667,78.1100006,78.0,80.92250075,80.0,Sederhana
333571249614,DCG*,3,L,J,3.65,3.58,True,45,92.85714285714286,80.07142857142857,0,0,0,81.58727263636364,83.23380966666666,80.9019997,78.94000077777778,73.33333333333333,84.436,74.25,83.44750025,80.0,Sederhana
333571249627,DCG*,3,L,D,3.94,3.92,True,45,92.85714285714286,87.64285714285714,0,0,0,85.15727309090909,88.97095166666666,86.3190003,87.24888944444444,84.14333333333333,93.714,85.5625,91.94499975,90.0,Cemerlang
333571249630,DCG*,3,L,D,3.37,3.22,False,45,92.85714285714286,76.42857142857143,0,0,0,65.34454554545454,83.30142861904763,74.25,77.82888955555556,81.23666633333333,74.4179992,74.6875,73.65999975,70.0,Sederhana
333571249643,DCG*,3,P,T,3.32,3.24,False,45,92.85714285714286,77.42857142857143,0,0,0,73.50454572727273,78.41333266666668,77.1879998,78.75555588888889,78.56999966666666,78.823999,77.5,81.68000049999999,70.0,Sederhana
333571249656,DCG*,3,P,C,2.63,2.3,False,45,92.85714285714286,66.5,0,0,0,63.98727272727273,67.96095252380952,64.7889999,74.54666644444444,73.81,66.8300002,70.1875,73.96500025,70.0,Sederhana
333571249669,DCG*,3,L,T,3.43,3.55,True,45,92.85714285714286,76.78571428571429,0,0,0,76.46272690909092,78.57952333333334,76.4059996,74.94555577777777,70.37999966666666,77.9559998,73.625,81.21500025,70.0,Sederhana
333571249672,DCG*,3,L,T,3.73,3.69,True,45,92.85714285714286,81.5,0,0,0,79.00636436363635,85.289048,78.5349999,81.82666699999999,82.04666633333333,78.8779998,81.0,84.5375005,80.0,Sederhana
333571249685,DCG*,3,L,T,3.37,3.37,False,45,92.85714285714286,76.5,0,0,0,73.90636372727273,81.75000023809523,72.9230002,73.33333333333333,75.47666666666667,77.3899994,72.0625,83.11000075,80.0,Sederhana
333571249698,DCG*,3,L,T,3.4,3.42,False,45,92.85714285714286,77.28571428571429,0,0,0,75.96454554545454,78.03523842857142,75.1690002,76.98777777777778,81.85666666666667,84.0,73.5625,75.42250075,80.0,Sederhana
333571249708,DCG*,3,L,T,3.57,3.52,True,45,92.85714285714286,81.21428571428571,0,0,0,77.76181863636363,83.54380909523809,79.3169999,80.04666644444444,84.37999966666666,85.0619994,81.0625,83.90250025,90.0,Sederhana
333571249724,DCG*,3,L,T,3.19,3.12,False,45,92.85714285714286,72.85714285714286,0,0,0,71.00272718181817,76.69428604761904,70.0980003,77.07333377777778,71.62000033333334,72.66999960000001,75.1875,76.90999975,70.0,Sederhana
333571249737,DCG*,3,L,T,3.03,3.14,False,45,92.85714285714286,72.14285714285714,0,0,0,68.330909,76.52952342857142,70.1229994,74.76444411111112,69.56999966666666,75.7519988,71.75,78.61499975000001,70.0,Sederhana
333571249740,DCG*,3,L,T,3.35,3.29,False,45,92.85714285714286,76.78571428571429,0,0,0,74.06090890909091,78.01142776190476,74.829,76.515555,75.43000033333334,82.15599979999999,77.8125,81.1674995,70.0,Sederhana
333571249766,DCG*,3,L,T,3.44,3.36,False,45,92.85714285714286,78.5,0,0,0,77.51636372727272,81.4023808095238,74.1409996,77.30777777777777,71.04666633333333,81.63200079999999,72.4375,78.7124995,70.0,Sederhana
333571249779,DCG*,3,L,T,3.41,3.36,False,45,92.85714285714286,77.92857142857143,0,0,0,75.47909054545454,79.41095185714286,75.3730003,78.19111166666667,70.71333299999999,85.7039992,76.75,83.504999,80.0,Sederhana
333571249782,DCG*,3,L,T,3.27,3.33,False,45,92.42857142857143,74.5,0,0,0,68.95272690909091,78.13333233333334,75.3990005,74.64666666666668,74.85666666666667,79.0019988,71.0,75.28000075,70.0,Sederhana
333571249795,DCG*,3,L,T,3.4,3.39,False,45,92.85714285714286,77.42857142857143,0,0,0,74.33363618181818,80.88952385714285,76.55200049999999,78.31777733333334,78.43000033333334,81.66999960000001,75.25,76.09749975,80.0,Sederhana
333571249805,ITW,3,L,B,3.09,2.74,False,46,90.0952380952381,81.85714285714286,0,0,0,72.26923076923077,74.060476,76.655,67.5625,85.18181818181819,96.5,75.455,63.709999,88.66666666666667,Sederhana
333571249818,ITW,3,L,T,3.77,3.78,True,46,90.33333333333333,88.28571428571429,0,0,0,74.15384615384616,87.79333352380952,82.93833416666666,70.4375,89.9090909090909,96.5,87.18000025,65.709999,100.0,Sederhana
333571249834,ITW,3,L,J,3.83,3.75,True,46,90.47619047619048,89.38095238095238,0,0,0,85.42307692307692,85.0004759047619,84.92333366666666,81.5625,92.18181818181819,97.0,88.817501,62.57,98.66666666666667,Sederhana
333571249892,ITW,3,L,D,3.71,3.66,True,46,90.0,88.0,0,0,0,82.46153846153847,82.67952361904761,84.23666766666666,73.875,89.0,96.25,89.4750005,71.43,97.33333333333333,Sederhana
333571249902,ITW,3,L,D,3.81,3.85,True,46,90.47619047619048,89.85714285714286,0,0,0,78.73076923076923,83.36190466666666,90.52999883333332,90.25,94.9090909090909,97.75,93.96500025,83.43,98.66666666666667,Sederhana
333571249915,ITW,3,P,D,3.55,3.43,False,46,90.47619047619048,86.38095238095238,0,0,0,71.3076923076923,81.15857152380951,85.28499966666666,78.75,92.18181818181819,97.5,92.93000025,81.139999,99.33333333333333,Sederhana
333571249928,ITW,3,L,T,3.55,3.51,True,46,90.47619047619048,85.80952380952381,0,0,0,71.53846153846153,81.77476171428572,80.18166599999999,73.9375,89.27272727272727,95.75,86.36249925,64.860001,98.66666666666667,Sederhana
333571249931,ITW,3,L,T,3.75,3.71,True,46,90.47619047619048,89.04761904761905,0,0,0,84.3076923076923,86.52476171428572,80.616665,68.9375,90.72727272727273,96.5,88.18000025,69.139999,99.33333333333333,Sederhana
333571249944,ITW,3,L,D,3.63,3.55,True,46,90.47619047619048,87.33333333333333,0,0,0,79.88461538461539,82.61904761904762,79.84166599999999,66.3125,90.36363636363636,97.75,88.61249925,76.290001,100.0,Sederhana
333571249957,ITW,3,L,D,3.5,3.33,False,46,90.47619047619048,86.76190476190476,0,0,0,78.73076923076923,78.33,86.68666566666667,80.125,87.72727272727273,96.75,87.90749925,73.709999,98.66666666666667,Sederhana
333571249960,ITW,3,L,D,3.61,3.68,True,46,90.47619047619048,86.14285714285714,0,0,0,78.03846153846153,81.03238095238096,80.80999866666667,65.5625,90.81818181818181,96.0,85.15749925,68.860001,100.0,Sederhana
333571249986,ITW,3,L,T,3.36,3.19,False,46,90.47619047619048,84.42857142857143,0,0,0,68.03846153846153,79.07619038095238,83.04333383333334,67.1875,89.45454545454545,96.5,87.61249925,75.709999,99.33333333333333,Sederhana
333571249999,ITW,3,L,D,3.69,3.61,True,46,90.33333333333333,87.80952380952381,0,0,0,72.1923076923077,85.04809533333334,86.731668,72.0625,89.36363636363636,96.0,86.700001,74.860001,98.66666666666667,Sederhana
333571250001,ITW,3,L,K,3.64,3.38,False,46,90.47619047619048,88.04761904761905,0,0,0,85.61538461538461,81.52380952380952,83.5366655,73.875,90.18181818181819,97.25,83.08749975,70.57,100.0,Sederhana
333571250014,ITW,3,L,T,3.41,3.28,False,46,90.04761904761905,85.0952380952381,0,0,0,80.57692307692308,76.12380942857142,81.60166666666667,70.0,87.81818181818181,97.0,83.63500025,65.709999,98.0,Sederhana
333571250030,PPU,3,L,T,3.46,3.39,False,50,91.30434782608695,83.95652173913044,0,0,0,64.28,81.36285685714286,78.71222166666666,85.77666733333332,86.5,92.450000875,83.30000066666666,74.0,84.0,Sederhana
333571250043,PPU,3,L,D,3.68,3.81,True,50,91.30434782608695,86.65217391304348,0,0,0,72.22,85.22857162857143,79.91222133333332,84.3883335,91.0,92.724999375,84.59999966666668,80.290001,84.5,Sederhana
333571250069,PPU,3,L,T,3.59,3.75,True,50,91.04347826086956,85.34782608695652,0,0,0,68.08,85.73457148571428,77.50777766666667,80.59999966666668,86.25,92.5999995,85.399999,78.290001,86.5,Sederhana
333571250072,PPU,3,L,D,3.47,3.55,True,50,91.30434782608695,84.34782608695652,0,0,0,68.0,82.086571,78.35222244444445,81.78833383333334,86.25,92.700000875,81.88166666666667,64.0,87.5,Sederhana
333571250085,PPU,3,L,T,3.59,3.64,True,50,91.30434782608695,86.69565217391305,0,0,0,74.01200012,83.94114274285714,77.59444422222222,89.58333333333333,90.75,91.50874999999999,86.59999850000001,79.709999,83.5,Sederhana
333571250098,PPU,3,L,T,3.55,3.68,True,50,91.30434782608695,85.69565217391305,0,0,0,73.48320008,83.61114322857144,77.47333322222222,87.02666733333332,91.25,91.29999925,83.49999866666667,64.0,83.5,Sederhana
333571250108,PPU,3,L,D,3.57,3.54,True,50,91.04347826086956,85.43478260869566,0,0,0,70.3,84.04571425714286,77.45444400000001,83.593333,86.75,92.02499962499999,85.03333149999999,81.43,87.0,Sederhana
333571250111,PPU,3,L,N,3.69,3.91,True,50,91.30434782608695,87.30434782608695,0,0,0,70.34679992000001,83.95228582857142,86.71889,91.2299995,87.5,93.574999875,86.53333283333332,77.139999,87.5,Sederhana
333571250124,PPU,3,L,J,3.44,3.59,True,50,91.04347826086956,83.34782608695652,0,0,0,65.38679992,83.86485745714286,73.07666566666666,81.54833216666667,88.75,93.44999975,81.43333316666667,62.0,86.5,Sederhana
333571250137,PPU,3,L,D,3.68,3.68,True,50,91.30434782608695,87.0,0,0,0,74.70320008,84.73485699999999,78.567777,84.84666700000001,90.25,91.89999962499999,83.79999916666667,78.0,84.5,Sederhana
333571250140,PPU,3,L,T,3.74,3.78,True,50,91.30434782608695,88.08695652173913,0,0,0,70.32,87.69685722857143,85.51222155555556,83.905,93.25,94.599999375,86.56666683333333,79.709999,87.5,Sederhana
333571250153,PPU,3,L,D,3.35,3.42,False,50,91.30434782608695,83.17391304347827,0,0,0,66.04679992,80.84114331428572,72.30888866666666,82.41499966666667,89.0,92.699998875,83.59999983333334,68.290001,91.0,Sederhana
333571250166,PPU,3,L,D,3.24,3.57,True,47,91.30434782608695,77.91304347826087,1,0,0,52.90320008,81.498286,70.638889,81.15333299999999,87.25,91.125,83.63333266666666,55.139999,84.5,Sederhana
333571250179,PPU,3,L,D,3.47,3.54,True,50,90.8695652173913,84.08695652173913,0,0,0,66.54320007999999,83.19828534285715,77.26222177777778,83.8933335,89.25,93.099999375,82.566667,69.43,87.0,Sederhana
333571250182,PPU,3,L,T,3.22,3.26,False,50,91.04347826086956,81.0,0,0,0,54.78,79.99971488571428,72.63555566666668,79.98833333333333,87.25,91.400000625,84.06666566666667,65.139999,86.5,Sederhana
333571250205,PPU,2,L,T,3.34,3.31,False,31,86.8125,84.0625,0,0,0,65.176875125,78.91952366666666,80.14714285714285,87.2750015,91.5,86.28571428571429,78.65999866666667,73.709999,92.75,Sederhana
333571250218,PPU,3,L,D,3.43,3.62,True,50,90.8695652173913,83.65217391304348,0,0,0,68.94,80.75057182857144,74.84444377777778,84.6750005,87.75,92.14999962499999,84.26666633333333,64.860001,86.5,Sederhana
333571250221,PPU,3,L,T,3.4,3.43,False,50,91.30434782608695,83.65217391304348,0,0,0,70.12320008,80.78428579999999,77.50555555555555,83.593333,89.25,92.14999962499999,81.746666,62.860001,86.0,Sederhana
333571250234,PPU,3,L,D,3.73,3.73,True,50,90.78260869565217,87.34782608695652,0,0,0,74.94320008,86.57400017142857,80.20222177777777,83.78999966666667,88.0,92.39999962499999,86.461666,82.57,85.0,Sederhana
333571250250,PPU,3,L,D,3.63,3.75,True,50,91.30434782608695,86.26086956521739,0,0,0,73.36679992,83.5417149142857,78.52333233333333,88.0800005,91.25,92.02499962499999,86.30000183333334,78.0,93.0,Sederhana
333571250263,PPU,3,L,T,3.41,3.54,True,50,90.43478260869566,82.95652173913044,0,0,0,62.7,84.75114337142857,73.943333,81.48666633333333,88.5,94.2249995,80.63333383333334,60.860001,85.0,Sederhana
333571250276,PPU,3,L,D,3.26,3.49,False,50,91.30434782608695,81.91304347826087,0,0,0,56.96,82.30600011428571,75.52000000000001,83.31000016666667,87.25,93.47500037500001,75.599999,60.290001,89.5,Sederhana
333571250289,PPU,3,L,T,3.43,3.53,True,50,91.30434782608695,84.17391304347827,0,0,0,60.92,83.32657202857143,81.87111022222223,83.9250005,84.0,93.949999875,80.6333325,74.0,89.5,Sederhana
333571250292,PPU,3,L,D,3.73,3.79,True,50,91.30434782608695,87.34782608695652,0,0,0,77.14320008,84.12914302857143,83.0,87.59999983333334,90.5,91.77499962499999,86.09999966666668,82.57,88.0,Sederhana
333571250302,PPU,3,L,T,3.59,3.6,True,50,91.30434782608695,86.1304347826087,0,0,0,74.47,82.40114257142858,83.15777855555555,80.34833266666666,84.5,91.599999375,85.16666666666667,76.860001,84.5,Sederhana
333571250315,PPU,3,L,J,3.74,3.72,True,50,91.30434782608695,88.1304347826087,0,0,0,75.78320008,85.31257202857142,82.35444511111112,90.05000066666666,90.75,93.14999962499999,87.39999883333333,82.57,88.0,Sederhana
333571250328,PPU,3,L,D,3.7,3.78,True,50,91.30434782608695,87.3913043478261,0,0,0,76.84320008,84.22571454285715,82.94333311111112,86.46333299999999,89.5,92.4749995,84.5666655,74.0,87.5,Sederhana
333571250331,PPU,3,L,T,3.7,3.84,True,50,91.30434782608695,87.21739130434783,0,0,0,75.54320007999999,83.72257217142858,82.03222322222223,89.24333316666667,90.75,92.699999875,87.68666716666667,76.860001,91.0,Sederhana
333571250360,PPU,3,L,D,3.87,3.89,True,50,91.30434782608695,89.78260869565217,0,0,0,80.11679992,88.60400025714284,85.64222122222222,87.79333383333334,90.75,92.874999,86.43333316666667,80.860001,86.5,Cemerlang
333571250399,PPU,3,L,T,3.42,3.59,True,50,91.30434782608695,83.34782608695652,0,0,0,64.2,81.7242854,79.38222244444445,84.6750005,84.0,92.32499975,80.90333299999999,62.0,86.0,Sederhana
333571250412,PPU,3,L,D,3.36,3.61,True,50,91.30434782608695,82.73913043478261,0,0,0,63.06,80.68771511428571,79.04222277777778,80.08833433333334,86.5,92.02499962499999,82.46666599999999,60.57,87.5,Sederhana
333571250425,PPU,3,L,T,3.65,3.84,True,50,91.30434782608695,86.6086956521739,0,0,0,67.54,86.29600045714285,78.69333266666666,86.12166716666667,91.0,93.349999375,86.03333400000001,79.709999,90.0,Sederhana
333571250470,PPU,3,L,K,3.65,3.91,True,50,91.30434782608695,86.26086956521739,0,0,0,75.42320008,84.86714285714285,78.00999955555557,87.96333299999999,88.0,92.27499962499999,85.56666566666667,70.290001,85.0,Sederhana
333571250483,DFK,3,P,D,3.52,3.35,False,54,91.30434782608695,82.47826086956522,0,0,0,73.7399995909091,80.63043447826087,80.51000025,77.8,88.75083358333332,85.15555577777778,0.0,91.75,93.25,Sederhana
333571250496,DFK,3,L,B,3.42,3.4,False,54,91.30434782608695,80.65217391304348,0,0,0,66.91000018181818,82.59304326086956,78.15750025,77.5,86.64249991666667,86.44444444444444,0.0,89.14999962499999,85.5,Sederhana
333571250519,DFK,3,P,T,3.79,3.79,True,54,91.30434782608695,86.56521739130434,0,0,0,76.16863595454545,86.11913,86.79624925,83.1,89.13833358333333,87.77777777777777,0.0,91.80000025,93.25,Sederhana
333571250522,DFK,3,L,D,3.45,3.4,False,54,91.30434782608695,80.8695652173913,0,0,0,63.233636136363636,85.82565204347826,78.608749875,77.7,87.23999975,84.82222244444444,0.0,90.75,91.5,Sederhana
333571250535,DFK,3,P,T,3.8,3.81,True,54,91.30434782608695,87.04347826086956,0,0,0,76.3222729090909,86.06956552173914,83.30499925000001,82.5,91.24916641666668,92.57777744444444,0.0,92.39999962499999,93.5,Sederhana
333571250548,DFK,3,L,T,2.61,2.39,False,54,90.47826086956522,70.8695652173913,0,1,0,57.95090887272727,55.8186959173913,78.175000125,69.6,75.85916641666667,84.44444444444444,0.0,87.47500037500001,89.25,Sederhana
333571250551,DFK,3,L,T,3.51,3.45,False,54,90.78260869565217,83.26086956521739,0,0,0,78.52818159090909,79.58304295652174,77.8237505,77.4,83.71250033333332,86.55555555555556,0.0,88.75,86.25,Sederhana
333571250564,DFK,3,L,T,3.38,3.36,False,54,91.30434782608695,80.3913043478261,0,0,0,60.366363681818186,82.03869565217391,81.3237505,79.3,87.85250033333334,88.88888888888889,0.0,91.0,92.5,Sederhana
333571250577,DFK,3,L,D,3.67,3.51,True,54,91.30434782608695,84.52173913043478,0,0,0,67.24863645454546,92.21304317391305,80.6762495,81.5,91.69916658333334,86.93333355555555,0.0,90.75,89.75,Sederhana
333571250580,DFK,3,L,N,3.99,3.97,True,54,91.30434782608695,92.6086956521739,0,0,0,87.94545468181819,96.37999991304348,87.97875025,86.3,94.39249983333333,92.11111111111111,0.0,91.625,91.5,Cemerlang
333571250632,DFK,3,L,B,3.84,3.8,True,54,91.30434782608695,89.21739130434783,0,0,0,82.27999945454546,93.48304352173913,83.56999975,81.3,91.70833333333333,89.55555555555556,0.0,93.5,91.5,Cemerlang
333571250726,DFK,3,L,D,3.58,3.49,False,54,91.30434782608695,84.08695652173913,0,0,0,69.80318168181817,85.19782591304347,79.08500062499999,81.0,90.07916641666667,88.46666633333332,0.0,93.32499975,92.75,Sederhana
333571250739,DFK,3,L,D,3.84,3.57,True,54,91.30434782608695,89.47826086956522,0,0,0,86.2681815,89.89130473913043,84.92500025,84.4,91.48916691666666,89.66666666666667,0.0,91.64999962499999,89.5,Cemerlang
333571250755,DFK,3,L,D,3.41,3.16,False,54,91.04347826086956,80.82608695652173,0,0,0,71.18409122727273,78.02217421739131,80.30500037499999,80.4,86.94333258333334,86.73333311111111,0.0,91.25,91.0,Sederhana
333571250771,DFK,3,L,T,2.79,2.28,False,54,90.6086956521739,72.95652173913044,0,2,0,49.1427270909091,71.64956571739131,73.548749875,76.1,81.53666691666666,84.0,0.0,88.375,88.0,Bermasalah
333571250823,DFK,3,L,J,2.96,2.75,False,56,91.66666666666667,73.08333333333333,0,0,0,57.80916658333334,65.96000030434783,74.67222211111111,77.2,80.93500016666667,87.5599998,0.0,90.47500037500001,87.25,Sederhana
333571250836,DFK,3,L,M,3.73,3.62,True,54,91.30434782608695,85.56521739130434,0,0,0,72.89045436363637,89.90652165217392,79.66874975,81.6,89.64583333333333,88.66666666666667,0.0,91.625,91.25,Sederhana
333571250852,DFK,3,L,T,3.64,3.39,False,54,91.30434782608695,84.26086956521739,0,0,0,68.88272722727272,86.81304269565217,78.659999875,80.4,92.42749966666668,89.24444411111111,0.0,90.75,90.25,Sederhana
333571250865,DFK,3,L,D,3.72,3.67,True,54,91.30434782608695,86.08695652173913,0,0,0,80.44999972727273,84.9052173478261,80.954999875,76.0,87.59666633333335,89.06666644444445,0.0,92.375,90.0,Sederhana
333571250878,DFK,3,P,B,3.31,3.31,False,54,91.30434782608695,79.95652173913044,0,0,0,63.863181681818176,78.31565208695652,80.943749375,85.1,86.74500024999999,89.24444411111111,0.0,92.07499975,90.5,Sederhana
333571250881,DFK,3,L,T,3.79,3.79,True,54,91.30434782608695,86.26086956521739,0,0,0,75.79227272727273,88.474348,79.818749375,82.6,90.76666641666667,88.55555555555556,0.0,92.69999975,92.25,Sederhana
333571250894,DFK,3,P,T,3.99,3.97,True,54,91.30434782608695,91.6086956521739,0,0,0,86.55409068181818,93.5473907826087,87.29624925,86.2,94.13166683333333,91.20000033333334,0.0,91.625,93.75,Cemerlang
333571250946,DFK,3,L,D,3.72,3.5,True,54,91.30434782608695,84.78260869565217,0,0,0,73.61181795454546,88.89086908695653,81.47375025,76.8,87.15333366666665,89.71111133333333,0.0,89.5,90.75,Sederhana
333571250962,DFK,3,L,T,3.65,3.51,True,54,91.30434782608695,83.95652173913044,0,0,0,69.84727231818182,88.56608717391305,79.692499625,76.3,88.94749958333334,87.82222244444444,0.0,90.125,94.25,Sederhana
333571251039,DFK,3,L,D,3.69,3.57,True,54,91.04347826086956,85.0,0,0,0,75.07454577272728,89.23652186956522,80.93874925,78.1,85.94749958333334,87.62222200000001,0.0,90.75,86.0,Sederhana
333571251068,SLR,3,L,D,3.35,3.15,False,57,92.85714285714286,78.60714285714286,0,0,0,0.0,0.0,0.0,83.41666666666667,87.7559998,92.0,74.339996,95.4119996,96.0,Sederhana
333571251071,SLR,3,L,D,3.21,3.09,False,57,92.85714285714286,76.5,0,0,0,0.0,0.0,0.0,81.25,85.672,79.55333466666666,75.690002,93.8699996,93.0,Sederhana
333571251084,SLR,3,L,D,3.28,3.09,False,57,92.64285714285714,77.10714285714286,0,0,0,0.0,0.0,0.0,76.22333266666668,86.4119996,88.36666600000001,68.879997,94.8699996,92.0,Bermasalah
333571251107,DGA,3,L,D,3.38,3.32,False,47,90.9090909090909,83.77272727272727,0,0,0,63.17461546153846,80.74526331578947,75.65888877777779,72.35714285714286,82.21181836363637,94.70833333333333,87.0,76.099998,93.0,Sederhana
333571251123,DGA,3,L,T,3.64,3.56,True,47,90.9090909090909,87.77272727272727,0,0,0,79.51076923076924,84.63052731578948,78.79444444444444,78.61857171428572,86.48454563636363,95.75,91.33499900000001,89.940002,90.5,Sederhana
333571251149,DGA,3,L,D,3.17,3.17,False,47,90.13636363636364,82.27272727272727,0,0,0,63.382307230769236,78.8221044736842,72.73666677777777,71.12999942857142,77.36363636363636,94.33333333333333,82.66500099999999,88.68,94.5,Sederhana
333571251152,ITW,3,L,D,3.17,3.0,False,46,90.19047619047619,82.47619047619048,0,0,0,69.38461538461539,72.9652379047619,79.84000016666667,74.125,89.9090909090909,96.25,82.0199985,68.860001,100.0,Sederhana
333571251165,ITW,3,L,A,3.57,3.49,False,46,90.47619047619048,87.47619047619048,0,0,0,81.84615384615384,79.36190466666666,86.51333366666667,78.375,88.0909090909091,98.75,89.93000025,79.709999,98.66666666666667,Sederhana
333571251178,PPU,3,L,B,3.49,3.67,True,50,90.78260869565217,84.17391304347827,0,0,0,65.88,83.61914302857143,73.88555522222222,87.475001,90.0,90.974999375,83.39499916666666,77.43,87.5,Sederhana
333571251181,PPU,3,L,T,3.37,3.62,True,50,91.04347826086956,82.6086956521739,0,0,0,67.2,81.46428577142858,73.15888844444444,86.04166666666667,82.75,91.249999,86.63333266666666,55.139999,86.0,Sederhana
333571251204,DFK,3,L,T,3.58,3.35,False,54,91.30434782608695,83.52173913043478,0,0,0,71.13090895454546,84.5691307826087,76.759999625,84.1,89.64000008333333,87.02222188888888,0.0,89.875,89.25,Sederhana
333571251233,DFK,3,L,W,3.5,3.46,False,54,91.30434782608695,82.30434782608695,0,0,0,65.64454545454545,84.44130452173913,78.11499975,81.6,90.07999925,85.60000022222222,0.0,90.125,91.25,Sederhana
333571251262,SLR,3,L,T,3.32,3.06,False,57,92.85714285714286,78.57142857142857,0,0,0,0.0,0.0,0.0,81.75,87.3580002,84.253334,68.099998,95.6119996,96.0,Sederhana
333571251288,SLR,3,L,D,3.31,2.92,False,57,92.32142857142857,79.28571428571429,0,0,0,0.0,0.0,0.0,80.08333333333333,82.1220002,81.81,76.080002,95.2660004,96.0,Sederhana
333571251291,PPU,3,L,T,3.21,3.38,False,50,90.43478260869566,81.6086956521739,0,0,0,58.04,78.84657162857143,78.45999988888889,80.33833433333334,89.0,91.69999975,81.43333316666667,63.139999,89.0,Sederhana
333571251301,DGA,3,L,W,3.34,3.44,False,47,90.9090909090909,83.27272727272727,0,0,0,69.41230715384616,78.8736845263158,75.713334,81.11857057142856,80.24181854545454,91.0,86.0,88.68,94.5,Sederhana
333571251314,SLR,3,L,T,3.37,3.02,False,57,92.85714285714286,78.82142857142857,0,0,0,0.0,0.0,0.0,80.66666666666667,84.3720002,82.253334,75.599998,94.2699996,93.0,Sederhana
333571251327,SLR,3,L,D,2.96,2.67,False,52,92.0,72.16,0,0,0,0.0,0.0,0.0,76.16500099999999,84.8325005,79.330002,0.0,92.0,90.0,Sederhana
333571251343,PPU,3,L,D,3.35,3.48,False,50,91.30434782608695,82.17391304347827,0,0,0,61.54,80.78514317142857,75.78111144444443,85.90999983333334,83.75,91.849999375,85.96666583333332,71.139999,84.5,Sederhana
333571251356,ITW,3,L,T,3.29,3.0,False,46,90.0,82.76190476190476,0,0,0,71.34615384615384,76.56747619047619,79.553332,64.0,84.54545454545455,97.5,79.09000025,71.709999,100.0,Sederhana
333571251369,DGA,3,L,D,3.59,3.72,True,47,90.9090909090909,84.68181818181819,0,0,0,69.87769261538462,84.50210573684211,74.142222,77.77999985714287,86.42363672727272,95.04166666666667,88.0,76.099998,44.5,Sederhana
333571251372,SLR,3,L,D,3.36,3.21,False,40,90.0,78.95,0,0,0,0.0,0.0,0.0,83.0,83.8325005,81.83499900000001,0.0,93.5,91.5,Sederhana
333571251398,SLR,3,L,D,3.41,3.09,False,57,92.85714285714286,79.07142857142857,0,0,0,0.0,0.0,0.0,79.83333333333333,84.464,81.47333266666668,72.239998,94.13399960000001,94.0,Sederhana
333571251408,SLR,3,L,T,3.4,3.18,False,57,92.85714285714286,80.46428571428571,0,0,0,0.0,0.0,0.0,84.83333333333333,87.0440002,79.79333233333334,71.550003,96.0,93.0,Sederhana
333571251411,SLR,3,L,T,3.41,3.04,False,57,92.85714285714286,79.32142857142857,0,0,0,0.0,0.0,0.0,75.0,81.82600099999999,86.68333166666667,69.349998,95.4,94.5,Sederhana
333571251424,ITW,3,L,T,3.13,2.93,False,46,90.38095238095238,81.76190476190476,0,0,0,68.6923076923077,72.61571428571429,77.76500066666667,68.9375,87.0,96.25,80.40749925,72.57,99.33333333333333,Sederhana
333571251437,ITW,3,L,T,3.31,3.21,False,46,90.38095238095238,83.71428571428571,0,0,0,69.03846153846153,77.269524,81.63666533333334,74.4375,89.72727272727273,96.0,89.63500025,62.57,98.66666666666667,Sederhana
333571251440,DFK,3,L,K,3.74,3.67,True,54,90.78260869565217,84.95652173913044,0,0,0,71.8172725,91.03608673913044,80.953750125,77.0,87.8275,90.55555555555556,0.0,90.375,89.5,Sederhana
333571251453,ITW,3,L,D,3.43,3.39,False,46,90.47619047619048,85.95238095238095,0,0,0,76.96153846153847,77.91761885714286,80.88666533333334,79.625,90.81818181818181,96.5,89.84000025,68.0,100.0,Sederhana
333571251466,ITW,3,L,B,3.48,3.43,False,46,90.19047619047619,85.66666666666667,0,0,0,81.61538461538461,79.54047609523809,78.78833383333334,66.8125,88.81818181818181,96.5,84.86249925,72.290001,100.0,Sederhana
333571251479,SLR,3,L,T,2.97,2.75,False,57,92.57142857142857,74.28571428571429,0,0,0,0.0,0.0,0.0,81.83333333333333,80.03200079999999,83.91666666666667,69.830002,84.6740006,73.0,Sederhana
333571251482,PPU,3,L,T,3.39,3.49,False,50,91.30434782608695,82.65217391304348,0,0,0,64.28,81.11114345714286,71.601112,84.23833333333333,87.25,92.550000125,81.33333333333333,65.139999,89.5,Sederhana
333571251495,DGA,3,L,T,3.45,3.43,False,47,90.9090909090909,84.63636363636364,0,0,0,71.09846138461538,80.82421068421053,73.63444511111112,75.8971427142857,84.24181854545454,93.625,89.33499900000001,85.529999,94.5,Sederhana
333571251505,PPU,3,L,B,3.4,3.45,False,50,91.04347826086956,83.52173913043478,0,0,0,67.68320007999999,81.61200017142856,72.88333255555555,83.90833283333333,90.0,92.42499925,78.1933325,64.860001,86.0,Sederhana
333571251518,DFK,3,L,D,3.63,3.64,True,54,91.04347826086956,84.56521739130434,0,0,0,71.56590890909091,84.84086939130434,82.18875025,81.7,89.48499933333333,87.55555555555556,0.0,90.5,93.25,Sederhana
333571251521,SLR,3,L,D,3.28,2.84,False,57,92.07142857142857,77.5,0,0,0,0.0,0.0,0.0,78.0,85.1679992,87.25,74.349998,94.4,90.0,Sederhana
333571251534,PPU,3,L,D,3.55,3.67,True,50,91.30434782608695,85.0,0,0,0,70.68,83.32714322857143,77.83333333333333,83.27166749999999,88.0,91.400000625,85.96666466666666,67.709999,85.0,Sederhana
333571251550,SED,2,L,T,3.34,3.19,False,40,90.0,77.75,0,0,0,0.0,0.0,0.0,81.33499900000001,79.5825005,76.83499900000001,0.0,95.75,77.5,Sederhana
333571251563,SED,2,L,T,3.32,3.27,False,40,90.0,78.5,0,0,0,0.0,0.0,0.0,90.0,89.75,84.83499900000001,0.0,92.75,95.5,Sederhana
333571251576,SED,2,L,T,3.44,3.18,False,40,90.0,80.35,0,0,0,0.0,0.0,0.0,82.5,87.8325005,84.33499900000001,0.0,97.0,89.5,Bermasalah
333571251589,SED,2,L,T,3.16,3.1,False,40,90.0,75.1,0,0,0,0.0,0.0,0.0,84.0,86.4174995,72.16500099999999,0.0,93.25,77.5,Bermasalah
333571251592,SED,2,L,T,3.09,2.95,False,40,90.0,75.55,0,0,0,0.0,0.0,0.0,77.5,88.4174995,79.830002,0.0,95.75,87.0,Sederhana
333571251602,SED,2,L,T,3.32,3.16,False,40,89.7,78.35,0,0,0,0.0,0.0,0.0,82.0,85.25,84.83499900000001,0.0,94.25,89.5,Sederhana
333571251615,SED,2,L,D,3.31,3.22,False,40,90.0,77.1,0,0,0,0.0,0.0,0.0,80.5,80.6674995,79.669998,0.0,92.25,90.5,Sederhana
333571251628,SED,2,L,D,3.76,3.71,True,40,90.0,83.55,0,0,0,0.0,0.0,0.0,86.16500099999999,83.6674995,83.33499900000001,0.0,92.75,77.5,Sederhana
333571251699,SLR,2,P,T,3.45,3.5,True,40,90.0,79.85,0,0,0,0.0,0.0,0.0,81.0,89.1674995,76.5,0.0,96.0,89.0,Sederhana
333571251709,SLR,2,L,D,3.34,3.44,False,40,89.85,77.8,0,0,0,0.0,0.0,0.0,76.5,86.75,72.330002,0.0,93.75,89.0,Sederhana
333571251712,SLR,2,P,D,3.27,3.29,False,40,90.0,78.45,0,0,0,0.0,0.0,0.0,79.5,89.8325005,79.0,0.0,99.0,91.0,Sederhana
333571251754,SLR,2,L,T,3.52,3.48,False,40,90.0,80.35,0,0,0,0.0,0.0,0.0,82.0,89.25,74.0,0.0,94.25,89.5,Sederhana
333571251767,SLR,2,P,D,3.33,3.39,False,40,90.0,78.5,0,0,0,0.0,0.0,0.0,82.5,87.25,79.0,0.0,93.75,89.5,Bermasalah
333571251770,SLR,2,L,T,3.47,3.36,False,40,90.0,78.35,0,0,0,0.0,0.0,0.0,79.0,87.4174995,75.33499900000001,0.0,91.75,84.5,Sederhana
333571251783,DGA,2,L,C,3.58,3.66,True,28,86.66666666666667,86.46666666666667,0,0,0,64.953750125,84.61333258333333,80.87000016666667,96.25,86.264999375,90.8,80.0,0.0,87.0,Sederhana
333571251796,DGA,2,L,T,3.55,3.61,True,28,86.66666666666667,87.0,0,0,0,67.359999625,85.23833283333333,79.86333333333333,86.25,86.20874975,92.8,80.0,0.0,92.5,Sederhana
333571251819,DGA,2,L,D,3.36,3.36,False,12,84.85714285714286,85.71428571428571,0,0,0,67.1779998,80.1860016,88.0,85.0,80.92666633333333,91.0,0.0,0.0,93.0,Sederhana
333571251822,DGA,2,L,T,3.41,3.43,False,28,85.86666666666666,84.86666666666666,0,0,0,59.94625,80.66583283333334,78.40666583333334,98.75,83.4575005,92.6,80.0,0.0,92.5,Sederhana
333571251835,DGA,2,L,T,3.18,3.28,False,28,86.66666666666667,82.66666666666667,0,0,0,55.50875,75.81583408333334,75.41499850000001,98.75,84.597499875,92.0,73.330002,0.0,93.0,Sederhana
333571251848,DGA,2,L,T,3.79,3.85,True,28,86.66666666666667,89.0,0,0,0,72.64874975000001,87.15333299999999,84.05833433333333,98.75,83.693750375,92.6,86.669998,0.0,93.0,Sederhana
333571251851,DGA,2,L,T,3.51,3.53,True,28,86.66666666666667,86.06666666666666,0,0,0,66.111249875,80.73416583333334,79.14166766666666,95.0,84.5,91.6,86.669998,0.0,91.5,Sederhana
333571251864,DGA,2,L,J,3.4,3.44,False,28,86.66666666666667,84.73333333333333,0,0,0,59.162499374999996,82.69833316666667,77.13833383333333,100.0,85.29125025,92.6,80.0,0.0,89.0,Sederhana
333571251877,DGA,2,L,T,3.41,3.42,False,28,86.26666666666667,85.33333333333333,0,0,0,58.48999975,84.2433345,77.57166666666667,96.25,84.5,91.8,80.0,0.0,93.5,Sederhana
333571251893,DGA,2,L,T,3.49,3.45,False,28,86.26666666666667,85.13333333333334,0,0,0,63.703750125,85.32500091666667,78.89333333333333,98.75,85.514999375,76.4,86.669998,0.0,93.0,Sederhana
333571251903,DGA,2,L,D,3.59,3.69,True,28,86.66666666666667,86.06666666666666,0,0,0,64.724999875,84.55166691666666,76.11666616666666,96.25,84.111249875,91.2,93.330002,0.0,92.5,Sederhana
333571251929,DGA,2,L,D,3.54,3.66,True,28,86.26666666666667,86.6,0,0,0,65.797499625,83.16583391666667,81.961666,96.25,87.4575005,94.4,80.0,0.0,91.5,Sederhana
333571251932,DGA,2,L,B,3.39,3.58,True,28,86.66666666666667,84.26666666666667,0,0,0,55.94999975,82.41666808333333,77.95833216666666,100.0,84.0825005,92.4,80.0,0.0,93.0,Sederhana
333571251945,DGA,2,L,T,3.23,3.37,False,28,86.66666666666667,84.06666666666666,0,0,0,61.48999975,77.9441675,76.57499966666667,86.25,82.735000625,93.8,73.330002,0.0,94.5,Sederhana
333571251958,DCG*,2,L,D,3.77,0.0,False,28,87.5,71.25,0,0,0,79.38833366666667,74.46846176923077,76.849998,75.107500125,55.666666666666664,48.083333333333336,64.5,41.25,80.0,Sederhana
333571251961,DCG*,2,L,T,3.3,0.0,False,28,87.5,66.25,0,0,0,69.90666583333334,67.75,79.489998,67.2024995,44.0,48.083333333333336,62.5,40.0,70.0,Sederhana
333571251974,DCG*,2,L,D,3.43,0.0,False,28,87.5,67.75,0,0,0,71.16499966666667,68.7776916923077,84.620003,67.053751,46.333333333333336,55.916666666666664,61.5,43.75,90.0,Sederhana
333571251987,DCG*,2,L,D,3.41,0.0,False,28,87.5,66.75,0,0,0,70.81166716666667,69.76230738461538,81.410004,65.94625,41.333333333333336,48.833333333333336,61.0,40.0,80.0,Sederhana
3335712519900,DCG*,2,L,D,3.34,0.0,False,28,87.5,67.125,0,0,0,72.48833333333333,67.26384615384616,83.330002,66.15375,47.666666666666664,49.666666666666664,61.0,42.5,80.0,Sederhana
333571252025,DCG*,2,L,D,3.67,0.0,False,28,87.5,70.25,0,0,0,78.60166550000001,74.66846053846153,76.279999,70.810000375,51.0,47.833333333333336,65.0,37.5,80.0,Sederhana
333571252038,DCG*,2,L,D,3.61,0.0,False,28,87.5,68.75,0,0,0,70.96000033333333,72.7953836923077,78.209999,75.857500125,43.666666666666664,47.0,66.0,37.5,80.0,Sederhana
333571252041,DCG*,2,L,D,3.76,0.0,False,28,87.5,71.0,0,0,0,79.06333416666666,73.58692292307693,80.769997,75.201250125,51.666666666666664,45.833333333333336,69.5,41.25,80.0,Sederhana
333571252054,DCG*,2,L,D,3.58,0.0,False,28,87.5,69.125,0,0,0,80.413334,69.38961546153847,82.690002,67.486249875,48.333333333333336,53.416666666666664,64.5,42.5,80.0,Sederhana
333571252067,DCG*,2,L,D,3.5,0.0,False,28,87.5,69.25,0,0,0,79.554999,67.61846161538462,72.440002,68.66499999999999,48.0,56.75,63.0,38.75,80.0,Sederhana
333571252070,DCG*,2,L,D,3.73,0.0,False,28,87.5,72.625,0,0,0,86.288334,72.03000046153846,91.029999,72.675000125,48.0,57.166666666666664,62.5,47.5,90.0,Sederhana
333571252083,DCG*,2,L,T,3.62,0.0,False,28,87.5,69.625,0,0,0,75.0483335,69.57538361538462,83.970001,69.972499875,51.0,51.916666666666664,64.5,40.0,80.0,Sederhana
333571252096,DCG*,2,L,D,3.34,0.0,False,28,87.5,65.375,0,0,0,72.15166733333332,66.04461546153847,73.080002,68.0599995,45.0,49.916666666666664,65.5,36.25,70.0,Sederhana
333571252106,DCG*,2,L,D,3.64,0.0,False,28,87.5,71.125,0,0,0,82.99333316666666,71.67999969230769,85.900002,71.46875,45.666666666666664,56.75,66.0,45.0,90.0,Sederhana
333571252119,DCG*,2,L,T,3.63,0.0,False,28,87.5,68.75,0,0,0,69.39666616666666,72.454615,70.510002,72.01875025,49.666666666666664,46.25,66.0,35.0,70.0,Sederhana
333571252122,DCG*,2,L,T,3.18,0.0,False,28,86.25,64.75,0,0,0,72.3266665,62.63230823076923,87.18,68.00749975,47.666666666666664,44.583333333333336,62.5,43.75,90.0,Sederhana
333571252135,DCG*,2,L,D,3.36,0.0,False,28,87.5,66.75,0,0,0,70.96666583333334,67.52999992307693,78.849998,67.133749875,44.666666666666664,53.416666666666664,63.0,38.75,70.0,Sederhana
333571252151,ITW,2,L,D,3.63,3.41,False,30,80.0,86.73333333333333,0,0,0,82.38888888888889,82.11764705882354,76.3050005,80.5,87.11111111111111,95.0,90.0,60.0,75.0,Sederhana
333571252164,ITW,2,L,D,3.68,3.69,True,30,80.0,88.0,0,0,0,81.44444444444444,81.78470564705881,78.5250015,74.5,90.88888888888889,96.25,72.0,84.860001,82.0,Sederhana
333571252177,ITW,2,L,D,3.75,3.68,True,30,80.0,88.86666666666666,0,0,0,79.16666666666667,85.03941164705883,80.535,61.0,88.66666666666667,95.25,83.0,88.290001,84.0,Sederhana
333571252180,ITW,2,L,T,3.58,3.33,False,30,80.0,86.13333333333334,0,0,0,74.27777777777777,81.84294129411764,77.875,55.0,87.11111111111111,94.0,61.0,70.290001,87.0,Sederhana
333571252193,ITW,2,L,T,3.39,3.25,False,30,80.0,84.0,0,0,0,75.11111111111111,78.0782354117647,72.5250015,67.0,88.77777777777777,96.75,66.0,52.0,79.0,Sederhana
333571252203,ITW,2,L,D,3.59,3.6,True,30,80.0,85.6,0,0,0,61.05555555555556,87.58823529411765,81.59,74.5,82.88888888888889,94.0,69.0,64.0,82.5,Sederhana
333571252216,ITW,2,L,D,3.67,3.65,True,30,80.0,87.2,0,0,0,80.33333333333333,84.27411788235294,71.09,70.5,90.0,96.5,74.0,60.57,82.0,Sederhana
333571252229,ITW,2,L,T,3.76,3.76,True,30,80.0,87.2,0,0,0,80.55555555555556,81.41176470588235,74.58000200000001,79.0,88.44444444444444,95.25,67.0,77.139999,81.5,Sederhana
333571252232,ITW,2,L,D,3.33,3.15,False,30,80.0,83.6,0,0,0,69.44444444444444,77.0982351764706,70.41999799999999,67.5,86.55555555555556,90.0,60.0,75.139999,87.5,Sederhana
333571252245,ITW,2,L,T,3.1,2.88,False,30,80.0,81.86666666666666,0,0,0,60.5,77.54882364705882,70.0699995,69.5,84.66666666666667,93.5,62.0,60.57,83.0,Sederhana
333571252258,ITW,2,L,C,2.85,2.32,False,30,80.0,79.73333333333333,0,0,0,64.38888888888889,71.84294129411764,79.9300005,55.0,79.11111111111111,90.5,61.0,52.0,86.0,Sederhana
333571252274,ITW,2,L,D,3.75,3.72,True,30,79.6,87.8,0,0,0,82.27777777777777,82.49000011764706,79.95500200000001,75.0,91.55555555555556,96.25,73.0,77.139999,82.5,Sederhana
333571252287,ITW,2,L,D,3.37,3.33,False,30,80.0,85.13333333333334,0,0,0,74.83333333333333,78.05882352941177,77.7750015,63.5,89.0,96.5,74.0,66.0,84.0,Sederhana
333571252300,ITW,2,L,T,3.68,3.73,True,30,80.0,88.26666666666667,0,0,0,67.61111111111111,86.84352917647058,80.285,86.0,87.77777777777777,97.75,78.0,88.290001,85.5,Sederhana
333571252313,ITW,2,L,D,3.67,3.53,True,30,80.0,87.2,0,0,0,74.77777777777777,84.82352941176471,81.715,77.5,86.22222222222223,93.0,64.0,65.139999,81.0,Sederhana
333571252326,ITW,2,L,K,3.65,3.49,False,30,80.0,86.66666666666667,0,0,0,78.16666666666667,81.745294,80.34,89.0,88.66666666666667,96.0,62.0,64.290001,79.0,Sederhana
333571252339,ITW,2,L,T,3.79,3.73,True,30,79.6,89.4,0,0,0,83.0,82.82352941176471,85.035,89.0,88.22222222222223,97.5,80.0,88.290001,86.0,Sederhana
333571252342,ITW,2,L,T,3.39,3.15,False,30,80.0,85.06666666666666,0,0,0,76.72222222222223,79.6858825882353,81.5550005,83.0,86.55555555555556,94.5,81.0,57.43,86.5,Sederhana
333571252355,ITW,2,L,B,2.98,2.66,False,30,79.33333333333333,80.2,0,0,0,63.611111111111114,72.50999988235294,76.83000200000001,66.0,81.22222222222223,92.75,62.0,58.0,80.0,Sederhana
333571252368,ITW,2,L,T,3.43,3.21,False,30,80.0,85.13333333333334,0,0,0,71.88888888888889,83.78411776470588,74.8199995,77.5,82.66666666666667,90.25,62.0,60.860001,82.0,Sederhana
333571252371,ITW,2,L,C,3.76,3.65,True,30,80.0,88.86666666666666,0,0,0,85.61111111111111,83.0982351764706,77.33000200000001,83.5,90.0,97.25,79.0,81.709999,78.5,Sederhana
333571252407,ITW,2,L,B,3.35,3.18,False,30,80.0,83.4,0,0,0,74.11111111111111,77.84294129411764,74.7750015,58.5,84.0,96.25,56.0,51.43,80.5,Sederhana
333571252410,ITW,2,L,T,3.78,3.76,True,30,80.0,88.8,0,0,0,75.33333333333333,86.86294105882354,78.20500200000001,75.0,90.66666666666667,97.25,67.0,78.0,88.0,Sederhana
333571252423,ITW,2,L,A,3.43,3.39,False,30,80.0,85.33333333333333,0,0,0,74.72222222222223,78.78411776470588,84.625,64.0,89.66666666666667,97.25,69.0,71.43,81.5,Sederhana
333571252436,ITW,2,L,B,3.67,3.55,True,30,80.0,88.06666666666666,0,0,0,77.83333333333333,83.23470623529411,82.59,67.0,90.77777777777777,95.75,69.0,74.57,87.0,Sederhana
333571252449,ITW,2,L,B,3.26,3.06,False,30,79.33333333333333,85.26666666666667,0,0,0,79.66666666666667,75.43117658823529,82.08000200000001,80.5,84.22222222222223,99.25,69.0,76.860001,83.0,Sederhana
333571252452,ITW,2,L,T,3.55,3.36,False,30,80.0,86.0,0,0,0,74.05555555555556,84.17647058823529,70.5699995,57.5,85.33333333333333,94.5,68.0,59.43,79.5,Sederhana
333571252478,DFK,2,L,T,3.68,3.71,True,34,80.0,85.2,0,0,0,65.978125125,89.71642842857143,85.9375,89.5,93.108749375,87.28000039999999,0.0,93.25,89.5625,Sederhana
333571252494,DFK,2,L,T,3.84,3.75,True,34,80.0,88.46666666666667,0,0,0,74.879999625,87.86857107142858,87.8125,92.75,95.49125,92.5600006,0.0,96.33333333333333,83.75,Sederhana
333571252517,DFK,2,L,D,3.41,3.34,False,34,79.4,82.86666666666666,0,0,0,64.847499875,81.44714357142857,81.3549995,89.75,91.5912505,89.2,0.0,95.20833333333333,84.8125,Sederhana
333571252559,DFK,2,L,R,3.53,3.35,False,34,79.6,84.26666666666667,0,0,0,71.0281253125,80.06785635714286,87.9799995,84.25,88.88375,88.2,0.0,93.83333333333333,88.8125,Sederhana
333571252575,DFK,2,L,T,3.24,3.11,False,34,80.0,81.06666666666666,0,0,0,62.589999937500004,79.58714292857142,82.9174995,83.5,86.58374975,87.4,0.0,94.16666666666667,84.0625,Sederhana
333571252591,DGA,2,L,B,3.45,3.49,False,28,86.66666666666667,85.66666666666667,0,0,0,63.556249625,82.42166641666667,76.61499916666666,95.0,84.4575005,92.6,73.330002,0.0,92.5,Sederhana
333571252601,DGA,2,L,A,3.31,3.39,False,28,86.66666666666667,84.26666666666667,0,0,0,59.2812495,78.59916691666666,78.554999,97.5,88.138750125,92.4,80.0,0.0,95.0,Sederhana
333571252614,DGA,2,L,D,3.58,3.67,True,28,86.66666666666667,86.93333333333334,0,0,0,66.42999975000001,82.85083333333334,84.244999,97.5,86.902500125,92.4,86.669998,0.0,91.5,Sederhana
333571252627,DGA,2,L,T,3.38,3.46,False,28,86.66666666666667,84.93333333333334,0,0,0,58.99249925,83.27000058333333,75.81833400000001,97.5,84.347499875,93.0,86.669998,0.0,89.5,Sederhana
333571252643,DCG*,2,L,T,3.41,0.0,False,28,87.5,66.625,0,0,0,76.2016665,66.74000023076923,82.050003,68.903749375,47.0,44.583333333333336,63.5,41.25,80.0,Sederhana
333571252656,ITW,2,L,T,3.43,3.26,False,30,80.0,84.46666666666667,0,0,0,73.22222222222223,78.88235294117646,72.0699995,69.5,90.44444444444444,95.5,70.0,64.0,79.0,Sederhana
333571252669,ITW,2,L,T,3.91,3.96,True,30,80.0,89.46666666666667,0,0,0,83.11111111111111,85.39176494117648,77.285,82.0,89.33333333333333,95.25,81.0,88.290001,82.0,Sederhana
333571252698,ITW,2,L,T,3.4,3.09,False,30,80.0,84.2,0,0,0,65.11111111111111,82.45058847058824,82.5,80.0,83.11111111111111,94.0,60.0,72.0,80.5,Sederhana
333571252708,SED,2,L,C,3.7,3.48,False,40,90.0,84.45,0,0,0,0.0,0.0,0.0,90.5,89.75,95.5,0.0,94.75,91.5,Sederhana
333571252737,SED,2,L,D,3.44,3.32,False,40,90.0,80.05,0,0,0,0.0,0.0,0.0,86.66500099999999,91.25,79.5,0.0,94.75,89.5,Sederhana
333571252753,DCG*,2,L,T,3.52,0.0,False,28,87.5,71.375,0,0,0,80.665001,73.03538515384615,80.129997,73.63749975,47.333333333333336,56.583333333333336,67.5,38.75,70.0,Sederhana
333571252766,ITW,2,L,B,3.73,3.6,True,30,80.0,89.46666666666667,0,0,0,84.33333333333333,85.41176470588235,82.715,91.5,93.11111111111111,98.25,88.0,58.57,83.5,Sederhana
333571252779,ITW,2,L,K,3.83,3.76,True,30,80.0,90.33333333333333,0,0,0,87.88888888888889,84.03941164705883,83.34,97.5,90.22222222222223,98.25,69.0,77.43,84.0,Sederhana
333571252782,ITW,2,L,K,3.67,3.62,True,30,80.0,87.73333333333333,0,0,0,84.77777777777777,79.84294129411764,77.5550005,84.5,90.22222222222223,97.25,79.0,83.139999,81.0,Sederhana
333571252795,ITW,2,L,D,3.8,3.65,True,30,80.0,89.33333333333333,0,0,0,85.72222222222223,86.17647058823529,80.2750015,86.0,88.88888888888889,97.25,86.0,58.860001,85.5,Sederhana
333571252805,ITW,2,L,K,3.61,3.35,False,30,80.0,88.4,0,0,0,87.38888888888889,77.52999964705883,86.09,84.0,93.77777777777777,98.0,89.0,87.43,81.5,Sederhana
333571252821,SED,2,L,T,3.05,2.95,False,40,90.0,74.1,0,0,0,0.0,0.0,0.0,80.33499900000001,78.5825005,82.5,0.0,93.75,76.5,Bermasalah
333571252847,DGA,2,L,T,3.44,3.57,True,28,86.66666666666667,85.46666666666667,0,0,0,59.53375,84.1900005,76.98166666666667,85.0,84.0,92.2,80.0,0.0,94.5,Sederhana
333571252863,SED,2,L,T,3.07,3.03,False,40,89.5,73.65,0,0,0,0.0,0.0,0.0,80.0,87.75,74.0,0.0,91.75,82.0,Sederhana
333571252889,SLR,2,L,D,3.31,3.09,False,40,89.85,77.05,0,0,0,0.0,0.0,0.0,77.5,88.5825005,73.830002,0.0,97.75,88.0,Sederhana
333571252892,ITW,2,L,C,3.0,2.59,False,30,80.0,80.86666666666666,0,0,0,69.94444444444444,71.98058811764706,77.7400015,80.5,81.44444444444444,91.0,55.0,60.290001,82.0,Sederhana
333571252902,ITW,2,L,K,3.6,3.48,False,30,80.0,87.0,0,0,0,71.33333333333333,85.33352929411765,83.41,80.0,84.44444444444444,95.75,61.0,76.860001,86.0,Sederhana
333571252915,SED,2,L,D,3.3,3.06,False,40,89.75,77.65,0,0,0,0.0,0.0,0.0,77.5,76.75,75.5,0.0,95.5,76.0,Sederhana
333571252928,ITW,2,L,D,2.97,2.61,False,30,80.0,80.46666666666667,0,0,0,64.33333333333333,73.66647070588235,76.4000015,69.5,76.88888888888889,94.5,62.0,57.139999,87.5,Sederhana
333571252931,ITW,2,L,D,2.52,2.11,False,30,80.0,76.2,0,0,0,56.55555555555556,66.80411752941177,73.33000200000001,55.0,77.22222222222223,89.0,55.0,52.860001,82.5,Bermasalah
333571252944,PPU,2,L,B,3.57,3.55,True,31,87.125,86.0,0,0,0,74.32250025,82.36476195238095,78.557143,96.3650015,89.875,87.85714285714286,75.600001,60.290001,90.0,Sederhana
333571252957,PPU,2,L,T,3.48,3.41,False,31,87.5,85.625,0,0,0,72.35375025,84.31428647619047,77.76571442857143,94.2750015,86.875,90.40000042857143,77.46666733333333,56.860001,94.25,Sederhana
333571252960,PPU,2,L,W,3.54,3.59,True,31,87.5,86.375,0,0,0,74.76000025,81.1228569047619,86.56285757142857,95.4300005,88.75,89.79999971428572,79.600001,58.290001,94.25,Sederhana
333571252973,PPU,2,L,J,3.75,3.75,True,31,87.5,89.125,0,0,0,74.6875,86.35714247619048,87.24285785714287,94.54499799999999,93.25,90.57142857142857,84.0,78.57,96.75,Sederhana
333571252986,PPU,2,L,D,3.69,3.69,True,31,87.5,87.8125,0,0,0,78.07250025,84.13809652380952,82.38142842857143,96.6800005,90.625,90.22857114285715,79.66666666666667,71.139999,94.25,Sederhana
333571252999,PPU,2,L,M,3.17,3.23,False,31,87.5,82.125,0,0,0,64.875,79.8547621904762,76.82428528571428,76.70500200000001,89.625,86.0,72.73333233333334,50.57,93.0,Sederhana
333571253008,PPU,2,L,B,3.35,3.35,False,31,87.125,84.875,0,0,0,69.421875,80.31,85.28428642857143,96.09,90.625,87.42857142857143,70.0,61.43,94.875,Sederhana
333571253011,PPU,2,L,M,3.76,3.84,True,31,87.5,90.5,0,0,0,78.46875,87.32238199999999,87.04428542857143,98.1800005,90.5,91.57142857142857,85.600001,78.57,96.125,Sederhana
333571253024,PPU,2,L,B,3.65,3.69,True,31,87.5,88.375,0,0,0,77.578125,84.43809547619047,88.46285685714285,98.1800005,90.625,89.88571385714285,80.600001,67.709999,94.25,Sederhana
333571253037,PPU,2,L,B,3.82,3.77,True,31,87.5,89.875,0,0,0,80.47875025,86.9242859047619,86.27714314285716,99.09,85.625,89.02857099999999,86.13333399999999,81.139999,93.125,Cemerlang
333571253040,PPU,2,L,T,3.83,3.79,True,31,87.5,90.125,0,0,0,79.72875025,88.31428533333333,88.61142957142856,99.09,88.125,88.88571385714285,85.46666733333332,75.43,94.875,Sederhana
333571253053,PPU,2,L,J,3.46,3.51,True,31,87.5,85.1875,0,0,0,71.744999875,79.66476180952381,79.87142942857143,93.3650015,90.625,85.17142814285714,82.133334,67.709999,96.125,Sederhana
333571253066,SLR,2,P,T,3.5,3.47,False,40,90.0,81.6,0,0,0,0.0,0.0,0.0,81.0,87.0,78.5,0.0,96.0,91.0,Bermasalah
333571253082,SED,2,L,T,3.51,3.25,False,40,90.0,79.8,0,0,0,0.0,0.0,0.0,80.5,90.25,81.16500099999999,0.0,94.75,88.5,Sederhana
333571253095,DFK,2,L,T,3.75,3.82,True,34,80.0,87.13333333333334,0,0,0,71.38062475,92.01357107142857,83.8125,88.25,93.4087495,86.8,0.0,95.83333333333333,90.5625,Sederhana
333571253105,DFK,2,L,T,3.49,3.48,False,34,80.0,82.66666666666667,0,0,0,60.8931248125,84.83714292857142,82.0424995,83.75,90.72500037500001,86.2,0.0,95.08333333333333,88.0625,Bermasalah
333571253134,SED,2,L,T,3.26,3.12,False,40,90.0,76.75,0,0,0,0.0,0.0,0.0,85.0,87.5,75.5,0.0,93.75,76.0,Sederhana
333571253150,SLR,1,L,T,2.73,2.73,False,20,90.0,73.8,0,0,0,0.0,0.0,0.0,82.0,88.16500099999999,75.669998,0.0,90.0,90.0,Bermasalah
333571253176,SLR,1,L,T,3.66,3.66,True,20,90.0,84.0,0,0,0,0.0,0.0,0.0,89.0,94.16500099999999,76.669998,0.0,97.0,93.0,Sederhana
333571253192,SLR,1,L,T,3.13,3.13,False,20,90.0,78.0,0,0,0,0.0,0.0,0.0,82.0,91.16500099999999,71.669998,0.0,97.0,96.0,Sederhana
333571253202,SLR,1,P,T,3.67,3.67,True,20,90.0,84.7,0,0,0,0.0,0.0,0.0,90.0,95.5,69.669998,0.0,95.0,90.0,Sederhana
333571253215,SLR,1,L,T,3.6,3.6,True,20,90.0,82.6,0,0,0,0.0,0.0,0.0,81.0,91.33499900000001,74.669998,0.0,97.0,90.0,Sederhana
333571253231,SLR,1,L,T,3.4,3.4,False,20,90.0,80.8,0,0,0,0.0,0.0,0.0,82.669998,90.66500099999999,72.669998,0.0,97.0,94.0,Sederhana
333571253244,SLR,1,L,D,3.34,3.34,False,20,90.0,80.7,0,0,0,0.0,0.0,0.0,85.0,88.16500099999999,73.669998,0.0,97.0,90.0,Sederhana
333571253257,SLR,1,P,B,3.48,3.48,False,20,90.0,81.3,0,0,0,0.0,0.0,0.0,95.0,89.5,73.669998,0.0,96.0,90.0,Sederhana
333571253260,SLR,1,P,D,2.91,2.91,False,20,90.0,73.2,0,0,0,0.0,0.0,0.0,69.330002,85.16500099999999,70.669998,0.0,92.5,89.0,Bermasalah
333571253273,DGA,1,L,T,3.31,3.31,False,16,87.5,83.75,0,0,0,54.416666666666664,84.75,83.2230003,95.379997,86.7350005,0.0,0.0,95.0,49.09,Sederhana
333571253286,DGA,1,L,D,3.51,3.51,True,16,87.5,86.125,0,0,0,62.666666666666664,90.5,86.1220009,75.379997,79.05500025,0.0,0.0,93.66666666666667,63.639999,Sederhana
333571253299,DGA,1,L,T,3.63,3.63,True,16,87.5,88.0,0,0,0,65.91666666666667,83.0,86.0229995,86.150002,86.7350005,0.0,0.0,96.66666666666667,60.0,Sederhana
333571253309,DGA,1,L,T,3.26,3.26,False,16,87.5,82.875,0,0,0,47.888888888888886,62.5,84.648,81.540001,86.7775,0.0,0.0,95.0,63.639999,Bermasalah
333571253312,DGA,1,L,T,3.31,3.31,False,16,87.5,83.125,0,0,0,51.30555555555556,87.5,84.5810005,95.379997,77.0,0.0,0.0,93.33333333333333,58.18,Sederhana
333571253338,DGA,1,L,T,3.53,3.53,True,16,87.5,85.5,0,0,0,62.0,83.0,85.2990006,98.459999,86.3600005,0.0,0.0,96.66666666666667,50.91,Sederhana
333571253341,DGA,1,L,D,3.31,3.31,False,16,87.5,83.5,0,0,0,50.083333333333336,83.0,85.9569998,90.769997,81.93000025,0.0,0.0,92.33333333333333,50.91,Sederhana
333571253354,DGA,1,L,D,3.61,3.61,True,16,87.5,88.125,0,0,0,65.66666666666667,87.75,87.1580009,95.379997,83.43000025,0.0,0.0,95.0,54.549999,Sederhana
333571253367,DGA,1,L,D,3.37,3.37,False,16,87.5,84.125,0,0,0,55.52777777777778,63.75,83.6199997,86.150002,81.86249925,0.0,0.0,95.66666666666667,61.82,Sederhana
333571253370,DGA,1,L,D,3.67,3.67,True,16,87.5,87.5,0,0,0,67.05555555555556,92.25,86.4819992,90.769997,86.34749975,0.0,0.0,96.33333333333333,70.910004,Sederhana
333571253419,DGA,1,L,D,3.63,3.63,True,16,87.5,87.625,0,0,0,59.47222222222222,87.5,87.315,95.379997,88.84749975,0.0,0.0,95.0,76.360001,Sederhana
333571253422,DGA,1,L,T,3.26,3.26,False,16,87.5,82.75,0,0,0,55.388888888888886,80.25,84.39700020000001,75.379997,84.34749975,0.0,0.0,91.33333333333333,58.18,Sederhana
333571253448,DGA,1,L,D,3.63,3.63,True,16,87.5,88.125,0,0,0,61.5,87.5,91.51899929999999,98.459999,84.68000025,0.0,0.0,93.66666666666667,58.18,Sederhana
333571253451,DGA,1,L,T,3.72,3.72,True,16,87.5,87.5,0,0,0,66.061111,86.0,85.7970002,90.769997,84.44499975,0.0,0.0,92.0,74.550003,Sederhana
333571253464,DGA,1,L,D,3.29,3.29,False,16,87.5,83.375,0,0,0,57.888888888888886,62.0,81.3199993,86.150002,82.61249925,0.0,0.0,95.0,49.09,Sederhana
333571253477,DGA,1,L,D,3.42,3.42,False,16,87.5,85.75,0,0,0,58.27777777777778,87.75,84.0019984,81.540001,88.02750025,0.0,0.0,95.0,52.73,Sederhana
333571253480,DGA,1,L,T,3.82,3.82,True,16,87.5,88.625,0,0,0,68.16666666666667,92.25,88.747,98.459999,85.2924995,0.0,0.0,95.0,50.91,Sederhana
333571253503,DGA,1,L,T,3.61,3.61,True,16,87.5,87.25,0,0,0,57.166666666666664,91.75,86.52000050000001,90.769997,86.932499,0.0,0.0,96.33333333333333,81.82,Sederhana
333571253516,DGA,1,L,T,3.61,3.61,True,16,87.5,86.5,0,0,0,63.916666666666664,86.75,85.23099979999999,98.459999,90.942501,0.0,0.0,95.0,61.82,Sederhana
333571253529,DGA,1,L,D,3.18,3.18,False,16,87.5,82.625,0,0,0,41.69444444444444,85.5,85.48499910000001,86.150002,81.6399995,0.0,0.0,95.0,60.0,Bermasalah
333571253545,DGA,1,L,T,3.24,3.24,False,16,87.5,83.75,0,0,0,55.138888888888886,91.0,82.5620004,75.379997,80.5149995,0.0,0.0,95.0,60.0,Sederhana
333571253574,DGA,1,L,M,3.64,3.64,True,16,87.5,86.75,0,0,0,62.19444444444444,88.75,83.6749992,98.459999,91.01250075,0.0,0.0,92.66666666666667,80.0,Sederhana
333571253590,DGA,1,L,W,3.33,3.33,False,16,87.5,83.25,0,0,0,48.388888888888886,84.5,83.53499980000001,90.769997,80.057499,0.0,0.0,93.66666666666667,54.549999,Sederhana
333571253613,DGA,1,L,T,3.35,3.35,False,16,87.5,83.375,0,0,0,55.97222222222222,89.25,81.76599949999999,98.459999,78.682499,0.0,0.0,92.66666666666667,50.91,Sederhana
333571253626,DGA,1,L,D,3.53,3.53,True,16,87.5,85.625,0,0,0,58.27777777777778,88.5,85.47099990000001,98.459999,86.30500025,0.0,0.0,95.0,61.82,Sederhana
333571253639,DGA,1,L,K,3.56,3.56,True,16,87.5,86.0,0,0,0,62.111111111111114,88.5,84.0479995,95.379997,89.817501,0.0,0.0,95.66666666666667,52.73,Sederhana
333571253655,DCG*,1,L,D,3.33,3.33,False,18,100.0,76.71428571428571,0,0,0,60.70333350000001,79.16181845454545,78.209999,75.62166716666667,78.8575,95.0,0.0,70.0,77.5,Sederhana
333571253668,DCG*,1,L,D,3.27,3.27,False,18,100.0,75.28571428571429,0,0,0,64.62166716666667,77.05363672727273,78.849998,78.39166766666666,79.8575,93.75,0.0,87.5,75.0,Sederhana
333571253671,DCG*,1,L,D,3.43,3.43,False,18,100.0,78.0,0,0,0,67.2433345,80.54090945454546,81.410004,81.35166666666667,84.17749975,95.0,0.0,85.0,75.0,Sederhana
333571253684,DCG*,1,L,D,3.51,3.51,True,18,100.0,79.14285714285714,0,0,0,72.01499933333334,81.05636527272726,85.260002,79.875,87.5,91.25,0.0,77.5,83.0,Sederhana
333571253697,DCG*,1,L,D,3.65,3.65,True,18,100.0,80.42857142857143,0,0,0,68.55500033333334,84.93000027272727,85.260002,82.37000016666667,81.96500025,95.0,0.0,75.0,85.5,Sederhana
333571253736,DCG*,1,L,A,3.17,3.17,False,18,100.0,75.85714285714286,0,0,0,56.3000005,79.44454545454545,67.949997,76.52333333333333,84.67749975,90.0,0.0,77.5,83.5,Sederhana
333571253752,DCG*,1,L,D,3.42,3.42,False,18,100.0,76.14285714285714,0,0,0,68.86166633333333,81.440909,63.459999,77.66166666666668,77.53499975,95.0,0.0,87.5,65.0,Sederhana
333571253765,DCG*,1,L,D,3.4,3.4,False,18,100.0,77.71428571428571,0,0,0,64.7599995,81.94999890909092,83.330002,77.70166766666667,85.1425,90.0,0.0,85.0,72.0,Sederhana
333571253778,DCG*,1,L,T,2.91,2.91,False,18,100.0,68.71428571428571,0,0,0,49.058333000000005,71.84909136363636,69.870003,67.12166666666667,82.1425,80.0,0.0,65.0,67.0,Sederhana
333571253781,DCG*,1,L,T,3.63,3.63,True,18,100.0,79.42857142857143,0,0,0,69.80500033333333,83.19181827272728,76.279999,77.64166633333333,87.71500025,95.0,0.0,87.5,74.5,Sederhana
333571253794,DCG*,1,L,D,3.57,3.57,True,18,100.0,79.71428571428571,0,0,0,65.59666566666667,84.41090881818182,78.849998,77.81499983333333,83.5,92.5,0.0,80.0,77.5,Sederhana
333571253804,DCG*,1,L,T,3.13,3.13,False,18,100.0,73.57142857142857,0,0,0,61.604999666666664,77.6154550909091,84.620003,73.71000033333333,68.71500025,95.0,0.0,82.5,74.5,Sederhana
333571253817,DCG*,1,L,T,3.66,3.66,True,18,100.0,81.42857142857143,0,0,0,72.18166733333334,85.50181854545454,75.639999,81.52500016666667,93.82250025,90.0,0.0,80.0,77.5,Sederhana
333571253820,DCG*,1,L,D,3.41,3.41,False,18,100.0,76.57142857142857,0,0,0,69.60999933333333,81.61090845454545,71.150002,81.10333366666667,84.17749975,91.25,0.0,82.5,61.5,Sederhana
333571253833,DCG*,1,L,T,3.4,3.4,False,18,100.0,75.85714285714286,0,0,0,59.88999933333333,78.2572729090909,85.900002,71.49500016666667,81.3575,95.0,0.0,72.5,86.5,Sederhana
333571253846,DCG*,1,L,D,3.74,3.74,True,18,100.0,83.71428571428571,0,0,0,77.78166583333334,86.559091,87.82,83.52333333333333,84.5,95.0,0.0,85.0,91.5,Sederhana
333571253859,DCG*,1,L,D,3.21,3.21,False,18,100.0,74.14285714285714,0,0,0,64.93333316666667,78.56999954545455,61.540001,70.18000016666667,81.0,90.0,0.0,67.5,74.0,Sederhana
333571253862,ITW,1,L,T,3.68,3.68,True,13,85.71428571428571,88.14285714285714,0,0,0,73.9,81.75888911111112,0.0,0.0,90.0,0.0,0.0,95.0,0.0,Sederhana
333571253875,ITW,1,L,C,3.6,3.6,True,13,85.71428571428571,87.42857142857143,0,0,0,74.5,81.20333355555556,0.0,0.0,88.95,0.0,0.0,95.0,0.0,Sederhana
333571253891,ITW,1,L,B,3.34,3.34,False,13,85.71428571428571,84.57142857142857,0,0,0,61.1,83.54444377777777,0.0,0.0,88.0,0.0,0.0,98.0,0.0,Sederhana
333571253901,ITW,1,L,D,3.32,3.32,False,13,85.71428571428571,83.28571428571429,0,0,0,64.4,79.11777744444444,0.0,0.0,87.95,0.0,0.0,89.0,0.0,Bermasalah
333571253914,ITW,1,L,T,3.42,3.42,False,13,85.71428571428571,84.57142857142857,0,0,0,63.8,85.22222222222223,0.0,0.0,91.4,0.0,0.0,88.66666666666667,0.0,Sederhana
333571253927,ITW,1,L,D,3.54,3.54,True,13,85.71428571428571,86.42857142857143,0,0,0,69.9,81.92555577777779,0.0,0.0,88.6,0.0,0.0,95.66666666666667,0.0,Bermasalah
333571253930,ITW,1,P,T,3.32,3.32,False,13,85.71428571428571,83.42857142857143,0,0,0,64.3,80.34555566666667,0.0,0.0,94.2,0.0,0.0,86.66666666666667,0.0,Sederhana
333571253943,ITW,1,L,T,3.72,3.72,True,13,85.71428571428571,87.71428571428571,0,0,0,74.3,83.531111,0.0,0.0,89.4,0.0,0.0,90.66666666666667,0.0,Sederhana
333571253956,ITW,1,L,T,3.75,3.75,True,13,85.71428571428571,88.71428571428571,0,0,0,74.0,85.80888877777778,0.0,0.0,92.8,0.0,0.0,95.0,0.0,Sederhana
333571253972,ITW,1,L,T,3.49,3.49,False,13,85.71428571428571,86.42857142857143,0,0,0,72.4,79.71111088888888,0.0,0.0,88.2,0.0,0.0,94.33333333333333,0.0,Sederhana
333571253985,ITW,1,L,T,3.8,3.8,True,13,85.71428571428571,90.14285714285714,0,0,0,75.2,89.89555533333333,0.0,0.0,88.4,0.0,0.0,93.66666666666667,0.0,Sederhana
333571253998,ITW,1,L,D,3.31,3.31,False,13,85.71428571428571,85.28571428571429,0,0,0,67.5,78.852222,0.0,0.0,88.4,0.0,0.0,95.0,0.0,Sederhana
333571254007,ITW,1,L,D,3.66,3.66,True,13,85.71428571428571,87.71428571428571,0,0,0,72.0,85.20333355555556,0.0,0.0,90.8,0.0,0.0,90.66666666666667,0.0,Sederhana
333571254010,ITW,1,L,T,3.8,3.8,True,13,85.71428571428571,88.71428571428571,0,0,0,75.2,87.25999955555557,0.0,0.0,90.55,0.0,0.0,95.66666666666667,0.0,Sederhana
333571254023,ITW,1,L,D,3.45,3.45,False,13,85.71428571428571,86.0,0,0,0,67.6,81.98111133333333,0.0,0.0,87.8,0.0,0.0,94.0,0.0,Sederhana
333571254036,ITW,1,L,T,3.71,3.71,True,13,85.71428571428571,89.14285714285714,0,0,0,80.4,82.14222211111111,0.0,0.0,90.0,0.0,0.0,95.66666666666667,0.0,Sederhana
333571254049,ITW,1,L,D,3.38,3.38,False,13,85.71428571428571,84.57142857142857,0,0,0,65.5,79.43222211111112,0.0,0.0,88.6,0.0,0.0,94.0,0.0,Bermasalah
333571254052,DFK,1,P,T,3.53,3.53,True,16,71.42857142857143,81.28571428571429,0,0,0,66.21666633333334,84.991666,87.91500099999999,85.66666666666667,96.66500099999999,92.5,0.0,92.0,44.5,Sederhana
333571254065,DFK,1,P,T,3.71,3.71,True,16,71.42857142857143,82.85714285714286,0,0,0,66.116667,90.14333483333333,92.5,83.66666666666667,96.66500099999999,94.5,0.0,91.5,84.5,Sederhana
333571254081,DFK,1,P,T,3.78,3.78,True,16,71.42857142857143,87.71428571428571,0,0,0,80.26555544444444,88.34000016666666,94.375,92.0,100.0,92.5,0.0,91.75,86.5,Sederhana
333571254094,DFK,1,L,D,3.66,3.66,True,16,71.42857142857143,82.0,0,0,0,69.57777744444445,87.00333266666667,96.66500099999999,74.33333333333333,96.66500099999999,88.0,0.0,91.0,80.5,Sederhana
333571254104,DFK,1,L,T,3.69,3.69,True,16,71.42857142857143,83.57142857142857,0,0,0,70.102222,87.74166733333334,90.0,86.16666666666667,96.66500099999999,93.0,0.0,92.25,44.5,Sederhana
333571254117,DFK,1,P,T,3.86,3.86,True,16,71.42857142857143,86.57142857142857,0,0,0,82.36444433333332,86.15166483333333,87.91500099999999,88.83333333333333,93.33499900000001,94.5,0.0,93.5,44.5,Sederhana
333571254146,DFK,1,L,N,3.67,3.67,True,16,71.42857142857143,83.0,0,0,0,66.53666688888889,87.47000133333331,96.875,85.66666666666667,96.66500099999999,90.5,0.0,92.25,84.5,Sederhana
333571254159,DFK,1,L,D,3.79,3.79,True,16,71.42857142857143,85.57142857142857,0,0,0,75.23111133333333,86.83166633333333,91.04000099999999,86.0,100.0,91.0,0.0,91.5,44.5,Sederhana
333571254162,DFK,1,L,D,2.73,2.73,False,16,71.42857142857143,71.14285714285714,0,0,0,54.35777788888889,69.21499983333332,73.125,79.83333333333333,54.5,89.0,0.0,94.0,74.5,Sederhana
333571254188,DFK,1,L,B,3.83,3.83,True,16,71.42857142857143,86.57142857142857,0,0,0,70.50888911111112,93.15166733333332,91.875,87.66666666666667,100.0,92.5,0.0,92.25,48.0,Sederhana
333571254191,DFK,1,L,J,4.0,4.0,True,16,71.42857142857143,91.28571428571429,0,0,0,88.428889,94.394999,95.0,87.83333333333333,100.0,93.0,0.0,93.0,84.5,Sederhana
333571254214,DFK,1,P,T,3.39,3.39,False,16,71.42857142857143,78.42857142857143,0,0,0,60.397778,84.03666550000001,87.91500099999999,73.16666666666667,96.66500099999999,95.5,0.0,94.0,44.5,Sederhana
333571254227,DFK,1,L,B,3.74,3.74,True,16,71.42857142857143,85.28571428571429,0,0,0,72.79000011111111,88.15666716666668,89.16500099999999,88.5,96.66500099999999,91.5,0.0,93.5,44.5,Sederhana
333571254230,DFK,1,L,D,3.58,3.58,True,16,71.42857142857143,80.0,0,0,0,57.762222333333334,87.20500066666666,92.91500099999999,84.16666666666667,96.66500099999999,87.5,0.0,91.75,80.5,Sederhana
333571254243,DFK,1,L,D,3.58,3.58,True,16,71.42857142857143,81.57142857142857,0,0,0,65.85555522222222,86.62999983333333,89.375,81.5,93.33499900000001,93.0,0.0,91.25,84.5,Sederhana
333571254269,DFK,1,P,J,3.34,3.34,False,16,71.42857142857143,78.71428571428571,0,0,0,59.138888888888886,79.61333183333333,91.04000099999999,82.0,100.0,92.5,0.0,93.75,44.5,Sederhana
333571254285,DFK,1,L,D,3.81,3.81,True,16,71.42857142857143,87.85714285714286,0,0,0,78.67555577777779,91.959999,93.75,86.83333333333333,100.0,92.0,0.0,93.5,44.5,Sederhana
333571254298,DFK,1,L,B,3.86,3.86,True,16,71.42857142857143,86.85714285714286,0,0,0,76.852222,93.070001,89.375,87.5,100.0,88.5,0.0,92.25,84.5,Sederhana
333571254308,DFK,1,L,B,3.67,3.67,True,16,71.42857142857143,83.0,0,0,0,71.99000044444443,82.71499999999999,86.66500099999999,85.66666666666667,96.66500099999999,92.0,0.0,93.0,44.5,Sederhana
333571254311,DFK,1,L,B,3.98,3.98,True,16,71.42857142857143,89.0,0,0,0,86.5,90.60833366666667,88.75,86.66666666666667,100.0,91.5,0.0,92.25,75.5,Sederhana
333571254337,SLR,1,L,T,3.22,3.22,False,20,89.4,79.4,0,0,0,0.0,0.0,0.0,81.0,88.66500099999999,75.669998,0.0,94.5,94.0,Sederhana
333571254340,DGA,1,L,D,3.56,3.56,True,16,87.5,85.375,0,0,0,58.583333333333336,88.75,88.9599997,86.150002,78.81999975,0.0,0.0,93.66666666666667,61.82,Sederhana
333571254353,ITW,1,L,T,3.38,3.38,False,13,85.71428571428571,84.85714285714286,0,0,0,62.1,81.75333322222222,0.0,0.0,89.75,0.0,0.0,94.33333333333333,0.0,Sederhana
333571254366,DFK,1,L,A,3.94,3.94,True,16,71.42857142857143,90.71428571428571,0,0,0,87.08333333333333,94.28833250000001,94.375,89.5,100.0,95.5,0.0,94.5,30.5,Sederhana
333571254379,DFK,1,P,M,3.58,3.58,True,16,71.42857142857143,81.57142857142857,0,0,0,63.00888911111112,84.8616665,86.66500099999999,87.83333333333333,93.33499900000001,92.0,0.0,93.25,44.5,Sederhana
333571254382,DFK,1,L,D,3.94,3.94,True,16,71.42857142857143,87.71428571428571,0,0,0,81.928889,93.3816655,92.5,86.16666666666667,100.0,89.0,0.0,92.5,80.5,Sederhana
333571254395,DFK,1,L,X,3.94,3.94,True,16,71.42857142857143,87.0,0,0,0,81.19111122222222,89.56000016666667,87.5,86.16666666666667,100.0,90.0,0.0,92.0,82.5,Sederhana
333571254405,DFK,1,L,B,3.98,3.98,True,16,71.42857142857143,86.71428571428571,0,0,0,80.09222244444445,89.91999933333334,92.91500099999999,86.0,100.0,89.5,0.0,92.0,74.5,Sederhana
333571254418,DFK,1,L,D,3.83,3.83,True,16,71.42857142857143,85.14285714285714,0,0,0,81.39222211111111,88.7983335,89.375,78.66666666666667,100.0,88.0,0.0,93.5,78.5,Sederhana
333571254421,SLR,1,P,D,3.67,3.67,True,20,90.0,84.5,0,0,0,0.0,0.0,0.0,92.0,95.16500099999999,79.669998,0.0,94.5,90.0,Sederhana
333571254434,DGA,1,L,T,3.72,3.72,True,16,87.5,87.875,0,0,0,60.05555555555556,85.0,87.51500100000001,90.769997,89.4025,0.0,0.0,96.33333333333333,72.730003,Sederhana
333571254450,ITW,1,L,T,3.51,3.51,True,13,85.71428571428571,86.28571428571429,0,0,0,64.3,85.82222155555556,0.0,0.0,91.8,0.0,0.0,95.0,0.0,Sederhana
333571254476,ITW,1,L,D,3.6,3.6,True,13,85.71428571428571,87.28571428571429,0,0,0,66.4,82.61777755555555,0.0,0.0,90.6,0.0,0.0,96.33333333333333,0.0,Sederhana
333571254489,ITW,1,L,D,3.17,3.17,False,13,85.71428571428571,83.71428571428571,0,0,0,70.8,75.87666655555556,0.0,0.0,89.8,0.0,0.0,90.33333333333333,0.0,Sederhana
333571254502,DGA,1,L,T,3.29,3.29,False,16,87.5,82.5,0,0,0,55.02777777777778,89.25,83.3629982,95.379997,80.057499,0.0,0.0,93.0,50.91,Sederhana
333571254515,DGA,1,L,T,3.21,3.21,False,16,87.5,82.0,0,0,0,39.72222222222222,89.25,85.2700012,86.150002,83.557499,0.0,0.0,95.0,54.549999,Sederhana
333571254528,DGA,1,L,T,3.02,3.02,False,16,87.5,81.25,0,0,0,38.25,90.75,82.2290001,81.540001,84.0975,0.0,0.0,96.66666666666667,54.549999,Sederhana
333571254531,DGA,1,L,T,3.91,3.91,True,16,87.5,92.0,0,0,0,83.38888888888889,97.0,89.5020004,90.769997,88.375,0.0,0.0,92.66666666666667,61.82,Sederhana
333571254544,DCG*,1,L,T,3.93,3.93,True,18,100.0,88.57142857142857,0,0,0,86.47166700000001,88.06363618181818,83.970001,82.4550005,89.42749975,93.75,0.0,82.5,91.0,Cemerlang
333571254557,SLR,1,P,D,3.44,3.44,False,20,90.0,82.8,0,0,0,0.0,0.0,0.0,90.0,94.5,69.669998,0.0,95.5,90.0,Sederhana
333571254573,DFK,1,P,D,3.61,3.61,True,16,71.42857142857143,81.71428571428571,0,0,0,69.63222255555556,81.10666666666667,91.875,79.16666666666667,100.0,95.0,0.0,91.5,80.5,Sederhana
333571254599,DFK,1,L,T,2.9,2.9,False,16,71.42857142857143,72.71428571428571,0,0,0,61.16999988888889,62.5533345,80.0,80.0,65.0,85.5,0.0,91.75,76.5,Sederhana
333571254625,DFK,1,L,B,3.77,3.77,True,16,71.42857142857143,84.85714285714286,0,0,0,78.84222244444445,84.85166683333334,89.16500099999999,83.16666666666667,96.66500099999999,88.5,0.0,92.5,44.5,Sederhana
333571254667,DGA,1,L,T,3.61,3.61,True,16,87.5,88.75,0,0,0,65.41666666666667,94.75,86.2779991,75.379997,88.4025,0.0,0.0,96.33333333333333,61.82,Sederhana
333571254670,DGA,1,L,T,3.78,3.78,True,16,87.5,89.625,0,0,0,73.11111111111111,86.75,85.6770011,95.379997,90.942501,0.0,0.0,95.0,69.089996,Sederhana
333571254696,DGA,1,L,D,3.87,3.87,True,16,87.5,91.375,0,0,0,73.25,88.5,90.81600030000001,98.459999,92.375,0.0,0.0,95.0,78.18,Sederhana
333571254735,DFK,1,P,B,4.0,4.0,True,16,71.42857142857143,90.0,0,0,0,81.39222211111111,94.376667,95.0,87.0,93.33499900000001,94.5,0.0,93.0,90.5,Sederhana
333571254748,DCG*,1,L,T,3.4,3.4,False,18,100.0,75.85714285714286,0,0,0,65.996666,84.87909136363636,68.589996,79.47666666666667,82.25,91.25,0.0,72.5,60.0,Sederhana
333571254751,DGA,1,L,T,3.54,3.54,True,16,87.5,86.75,0,0,0,67.5,89.75,85.7240005,98.459999,87.692501,0.0,0.0,95.66666666666667,52.73,Sederhana
333571254777,DGA,1,L,T,3.39,3.39,False,16,87.5,84.875,0,0,0,55.111111111111114,80.0,85.0290004,95.379997,84.5149995,0.0,0.0,96.66666666666667,52.73,Sederhana
333571254780,DFK,1,P,B,3.98,3.98,True,16,71.42857142857143,89.28571428571429,0,0,0,84.13888888888889,90.60833366666667,92.91500099999999,89.5,96.66500099999999,93.5,0.0,92.75,44.5,Sederhana
333571254793,SLR,1,L,T,3.84,3.84,True,20,90.0,85.1,0,0,0,0.0,0.0,0.0,74.0,91.83499900000001,78.669998,0.0,97.0,90.0,Sederhana
333571254816,ITW,1,L,W,3.36,3.36,False,13,85.71428571428571,83.28571428571429,0,0,0,64.7,77.49444411111111,0.0,0.0,89.2,0.0,0.0,85.33333333333333,0.0,Sederhana
333571254832,DFK,1,L,T,3.71,3.71,True,16,71.42857142857143,83.28571428571429,0,0,0,69.60555522222222,88.7016665,86.66500099999999,85.33333333333333,100.0,89.5,0.0,91.0,44.5,Sederhana
333571254845,DCG*,1,L,D,3.16,3.16,False,18,100.0,74.28571428571429,0,0,0,65.75499983333333,76.70454536363637,64.739998,73.86500033333333,86.82250025,73.75,0.0,65.0,61.5,Sederhana
333571254858,DGA,1,L,T,3.24,3.24,False,16,87.5,83.0,0,0,0,56.5,59.5,82.7390003,81.540001,85.86249925,0.0,0.0,95.0,52.73,Sederhana
333571254861,DGA,1,L,T,3.83,3.83,True,16,87.5,89.625,0,0,0,74.61111111111111,91.5,88.0730011,90.769997,82.69499975,0.0,0.0,95.66666666666667,50.91,Sederhana
333571254874,DCG*,1,L,T,3.66,3.66,True,18,100.0,82.85714285714286,0,0,0,68.10000116666667,84.47909063636364,79.489998,82.71166616666666,85.75,91.25,0.0,80.0,85.5,Sederhana
333571254887,DCG*,1,L,T,3.56,3.56,True,18,100.0,80.28571428571429,0,0,0,74.9233335,81.46545418181819,84.620003,80.7299995,85.0,82.5,0.0,87.5,87.0,Sederhana
333571254890,DCG*,1,L,T,3.53,3.53,True,18,100.0,80.0,0,0,0,74.5800005,78.17727318181818,82.690002,77.83666733333332,86.92749975,91.25,0.0,82.5,86.0,Sederhana
333571254913,DCG*,1,L,D,3.57,3.57,True,18,100.0,78.85714285714286,0,0,0,65.6750005,80.18181890909091,76.919998,76.12999916666666,91.17749975,92.5,0.0,67.5,80.5,Sederhana
333571254926,DCG*,1,L,D,3.51,3.51,True,18,100.0,80.85714285714286,0,0,0,72.70333366666667,80.08727190909092,77.559998,81.59500116666668,88.25,90.0,0.0,70.0,72.5,Sederhana
333571254939,DCG*,1,L,D,3.37,3.37,False,18,100.0,77.28571428571429,0,0,0,63.971667,81.29727318181818,71.150002,80.28499983333333,82.32250025,81.25,0.0,72.5,72.5,Sederhana
333571254942,DCG*,1,L,D,3.02,3.02,False,18,100.0,72.0,0,0,0,59.275000166666665,74.74000090909091,69.230003,72.47333333333334,75.57250025,86.25,0.0,70.0,77.5,Sederhana
333571254955,DCG*,1,L,D,3.9,3.9,True,18,100.0,86.0,0,0,0,79.935,85.56454681818182,81.410004,81.2299995,85.42749975,92.5,0.0,85.0,93.5,Sederhana
333571254968,DCG*,1,L,D,3.53,3.53,True,18,100.0,79.85714285714286,0,0,0,71.56333283333333,81.42000027272728,74.360001,76.57333366666667,88.92749975,90.0,0.0,75.0,72.5,Sederhana
333571254971,DCG*,1,L,D,3.56,3.56,True,18,100.0,81.57142857142857,0,0,0,74.36666616666666,80.59090972727273,73.080002,83.20499933333333,87.67749975,91.25,0.0,80.0,83.5,Sederhana
333571254984,SLR,1,L,T,3.21,3.21,False,20,90.0,79.8,0,0,0,0.0,0.0,0.0,73.0,88.16500099999999,76.269997,0.0,94.5,90.0,Sederhana
333571254997,DCG*,1,L,D,3.46,3.46,False,18,100.0,78.42857142857143,0,0,0,65.4216665,79.94272672727273,83.970001,77.9283345,87.5,90.0,0.0,80.0,81.5,Sederhana
333571255006,DCG*,1,L,D,3.28,3.28,False,18,100.0,75.85714285714286,0,0,0,63.9916675,80.764545,74.360001,80.36333333333333,88.75,93.75,0.0,75.0,66.0,Sederhana
333571255019,DCG*,1,L,D,3.29,3.29,False,18,100.0,75.57142857142857,0,0,0,68.9816665,79.50909,72.440002,76.55166616666666,84.8925,93.75,0.0,77.5,65.5,Sederhana
333571255022,DCG*,1,L,D,3.48,3.48,False,18,100.0,77.85714285714286,0,0,0,74.7366665,82.59909054545454,75.639999,77.2916665,86.96500025,90.0,0.0,72.5,71.0,Sederhana
333571255035,DCG*,1,L,D,3.78,3.78,True,18,100.0,80.85714285714286,0,0,0,75.76333366666667,84.89909081818182,78.209999,74.380001,87.71500025,90.0,0.0,87.5,74.5,Sederhana
333571255048,DCG*,1,L,D,3.51,3.51,True,18,100.0,78.71428571428571,0,0,0,72.278333,84.01454645454545,72.440002,78.281667,87.71500025,90.0,0.0,77.5,71.0,Sederhana
333571255051,DCG*,1,L,D,3.43,3.43,False,18,100.0,78.42857142857143,0,0,0,70.21666716666667,76.708182,75.0,76.8133335,84.67749975,93.75,0.0,90.0,73.0,Sederhana
333571255064,SLR,1,P,T,3.15,3.15,False,20,90.0,79.3,0,0,0,0.0,0.0,0.0,87.0,84.16500099999999,69.669998,0.0,96.0,93.0,Sederhana
333571255080,SLR,1,P,T,3.22,3.22,False,20,90.0,79.1,0,0,0,0.0,0.0,0.0,88.669998,90.5,81.669998,0.0,94.0,90.0,Sederhana
333571255093,DCG*,1,L,T,3.31,3.31,False,18,100.0,77.85714285714286,0,0,0,68.00499983333333,79.46727190909091,80.129997,76.15166733333334,75.5,95.0,0.0,72.5,79.0,Sederhana
333571255103,DCG*,1,L,T,3.19,3.19,False,18,100.0,76.42857142857143,0,0,0,57.596667,76.16454518181818,73.720001,71.0916665,77.21500025,81.25,0.0,67.5,82.0,Sederhana
333571255116,DFK,1,L,T,3.96,3.96,True,16,71.42857142857143,87.57142857142857,0,0,0,83.56444466666667,93.5766665,93.75,88.0,100.0,91.0,0.0,92.75,30.5,Sederhana
333571255129,SLR,1,P,T,3.09,3.09,False,20,90.0,78.7,0,0,0,0.0,0.0,0.0,90.0,90.16500099999999,79.669998,0.0,92.5,90.0,Sederhana
333571280118,DGA,1,L,D,3.49,3.49,False,16,87.5,85.25,0,0,0,51.27777777777778,82.0,87.72799979999999,98.459999,86.2350005,0.0,0.0,96.66666666666667,49.09,Sederhana
333572148628,DFK,4,L,N,3.54,3.67,True,67,89.44827586206897,82.27586206896552,0,0,0,65.11296281481481,91.49034486206897,83.35571449999999,84.0721425,87.4053843076923,82.77777777777777,61.924999,82.14999962499999,88.125,Sederhana
