Id_Semester,No_Pelajar,Sem_Pelajar,Jumlah_Kredit,Jumlah_Nilai,GPA,CGPA,Status
40,"333571240147",1,13,39.6000,3.0500,3.0500,"KB"
40,"333571240231",1,13,46.1000,3.5500,3.5500,"KB"
41,"333531249117",1,15,58.6000,3.9100,3.9100,"KB"
41,"333571240147",2,17,52.4000,3.0800,3.0700,"KB"
41,"333571240231",2,17,61.6000,3.6200,3.5900,"KB"
41,"333571242802",1,12,38.4000,3.2000,3.2000,"KB"
41,"333571242815",1,12,41.0000,3.4200,3.4200,"KB"
41,"333571242828",1,12,41.3000,3.4400,3.4400,"KB"
41,"333571242844",1,12,43.1000,3.5900,3.5900,"KB"
41,"333571242886",1,12,39.7000,3.3100,3.3100,"KB"
41,"333571242899",1,12,45.0000,3.7500,3.7500,"KB"
41,"333571242912",1,12,43.4000,3.6200,3.6200,"KB"
41,"333571242925",1,12,44.3000,3.6900,3.6900,"KB"
41,"333571242938",1,12,40.9000,3.4100,3.4100,"KB"
41,"333571242941",1,12,39.5000,3.2900,3.2900,"KB"
41,"333571242954",1,12,44.3000,3.6900,3.6900,"KB"
41,"333571242967",1,12,42.9000,3.5800,3.5800,"KB"
41,"333571242983",1,12,41.8000,3.4800,3.4800,"KB"
41,"333571242996",1,12,43.2000,3.6000,3.6000,"KB"
44,"333451244386",2,16,56.5000,3.5300,3.6200,"KB"
41,"333571243005",1,12,39.1000,3.2600,3.2600,"KB"
41,"333571243018",1,12,38.3000,3.1900,3.1900,"KB"
41,"333571243092",1,13,41.5000,3.1900,3.1900,"KB"
41,"333571243115",1,13,46.5000,3.5800,3.5800,"KB"
41,"333571243128",1,13,48.0000,3.6900,3.6900,"KB"
41,"333571243131",1,13,51.4000,3.9500,3.9500,"KB"
41,"333571243144",1,13,43.8000,3.3700,3.3700,"KB"
41,"333571243157",1,13,44.5000,3.4200,3.4200,"KB"
41,"333571243160",1,13,39.2000,3.0200,3.0200,"KB"
41,"333571243173",1,13,41.8000,3.2200,3.2200,"KB"
41,"333571243186",1,13,46.3000,3.5600,3.5600,"KB"
41,"333571243199",1,13,40.7000,3.1300,3.1300,"KB"
41,"333571243225",1,13,46.6000,3.5800,3.5800,"KB"
41,"333571243254",1,13,48.8000,3.7500,3.7500,"KB"
41,"333571243267",1,16,55.6000,3.4800,3.4800,"KB"
41,"333571243270",1,16,48.9000,3.0600,3.0600,"KB"
41,"333571243283",1,16,55.2000,3.4500,3.4500,"KB"
41,"333571243296",1,16,50.6000,3.1600,3.1600,"KB"
41,"333571243319",1,15,50.1000,3.3400,3.3400,"KB"
41,"333571243322",1,15,47.3000,3.1500,3.1500,"KB"
41,"333571243348",1,15,57.1000,3.8100,3.8100,"KB"
41,"333571243429",1,12,43.2000,3.6000,3.6000,"KB"
41,"333571243432",1,12,36.7000,3.0600,3.0600,"KB"
41,"333571243445",1,13,48.0000,3.6900,3.6900,"KB"
41,"333571243513",1,16,53.9000,3.3700,3.3700,"KB"
41,"333571243542",1,12,40.6000,3.3800,3.3800,"KB"
41,"333571243597",1,13,46.6000,3.5800,3.5800,"KB"
41,"333571243607",1,16,53.6000,3.3500,3.3500,"KB"
41,"333571243610",1,15,50.7000,3.3800,3.3800,"KB"
41,"333571243665",1,12,42.9000,3.5800,3.5800,"KB"
41,"333571243681",1,13,45.8000,3.5200,3.5200,"KB"
41,"333571243694",1,13,45.6000,3.5100,3.5100,"KB"
41,"333571243704",1,16,55.1000,3.4400,3.4400,"KB"
41,"333571243720",1,16,55.2000,3.4500,3.4500,"KB"
41,"333571243762",1,16,55.7000,3.4800,3.4800,"KB"
41,"333571243775",1,15,57.4000,3.8300,3.8300,"KB"
41,"333571243801",1,12,44.3000,3.6900,3.6900,"KB"
41,"333571243814",1,13,48.9000,3.7600,3.7600,"KB"
41,"333571243827",1,13,44.1000,3.3900,3.3900,"KB"
41,"333571243830",1,16,51.8000,3.2400,3.2400,"KB"
41,"333571243843",1,16,53.7000,3.3600,3.3600,"KB"
41,"333571243856",1,16,55.8000,3.4900,3.4900,"KB"
41,"333571243869",1,15,53.3000,3.5500,3.5500,"KB"
41,"333571243982",1,13,44.4000,3.4200,3.4200,"KB"
41,"333571243995",1,13,44.4000,3.4200,3.4200,"KB"
41,"333571244017",1,16,55.1000,3.4400,3.4400,"KB"
41,"333571244020",1,16,55.5000,3.4700,3.4700,"KB"
41,"333571244033",1,16,55.7000,3.4800,3.4800,"KB"
41,"333571244130",1,16,54.3000,3.3900,3.3900,"KB"
41,"333571244143",1,16,57.7000,3.6100,3.6100,"KB"
41,"333571244185",1,13,45.2000,3.4800,3.4800,"KB"
41,"333571244198",1,16,53.6000,3.3500,3.3500,"KB"
41,"333571244208",1,12,41.9000,3.4900,3.4900,"KB"
41,"333571244211",1,16,55.7000,3.4800,3.4800,"KB"
41,"333571244224",1,16,53.9000,3.3700,3.3700,"KB"
41,"333571244237",1,16,53.0000,3.3100,3.3100,"KB"
41,"333571244266",1,15,34.7000,2.3100,2.3100,"KB"
41,"333571244282",1,15,54.9000,3.6600,3.6600,"KB"
42,"333531249117",2,19,70.1000,3.6900,3.7900,"KB"
42,"333571240147",3,16,51.5000,3.2200,3.1200,"KB"
42,"333571240231",3,16,57.8000,3.6100,3.6000,"KB"
42,"333571242802",2,16,52.3000,3.2700,3.2400,"KB"
42,"333571242815",2,16,53.2000,3.3300,3.3600,"KB"
42,"333571242828",2,16,57.3000,3.5800,3.5200,"KB"
42,"333571242844",2,16,59.3000,3.7100,3.6600,"KB"
42,"333571242886",2,16,53.9000,3.3700,3.3400,"KB"
42,"333571242899",2,16,58.1000,3.6300,3.6800,"KB"
42,"333571242912",2,16,53.3000,3.3300,3.4500,"KB"
42,"333571242925",2,16,56.3000,3.5200,3.5900,"KB"
42,"333571242938",2,16,57.0000,3.5600,3.5000,"KB"
42,"333571242941",2,16,54.9000,3.4300,3.3700,"KB"
42,"333571242954",2,16,57.3000,3.5800,3.6300,"KB"
42,"333571242967",2,16,56.1000,3.5100,3.5400,"KB"
42,"333571242983",2,16,54.5000,3.4100,3.4400,"KB"
42,"333571242996",2,16,56.0000,3.5000,3.5400,"KB"
42,"333571243005",2,16,56.4000,3.5300,3.4100,"KB"
42,"333571243018",2,16,56.7000,3.5400,3.3900,"KB"
42,"333571243092",2,17,56.4000,3.3200,3.2600,"KB"
42,"333571243115",2,17,65.4000,3.8500,3.7300,"KB"
42,"333571243128",2,17,63.1000,3.7100,3.7000,"KB"
42,"333571243131",2,17,65.4000,3.8500,3.8900,"KB"
42,"333571243144",2,17,57.7000,3.3900,3.3800,"KB"
42,"333571243157",2,17,54.6000,3.2100,3.3000,"KB"
42,"333571243160",2,17,47.9000,2.8200,2.9000,"KB"
42,"333571243173",2,17,55.0000,3.2400,3.2300,"KB"
42,"333571243186",2,17,60.2000,3.5400,3.5500,"KB"
42,"333571243199",2,17,46.1000,2.7100,2.8900,"KB"
42,"333571243225",2,17,64.2000,3.7800,3.6900,"KB"
42,"333571243254",2,17,62.6000,3.6800,3.7100,"KB"
42,"333571243267",2,15,54.8000,3.6500,3.5600,"KB"
42,"333571243270",2,15,51.8000,3.4500,3.2500,"KB"
42,"333571243283",2,15,54.2000,3.6100,3.5300,"KB"
42,"333571243296",2,15,52.7000,3.5100,3.3300,"KB"
42,"333571243319",2,19,65.2000,3.4300,3.3900,"KB"
42,"333571243322",2,19,59.0000,3.1100,3.1300,"KB"
42,"333571243348",2,19,73.9000,3.8900,3.8500,"KB"
42,"333571243429",2,16,55.9000,3.4900,3.5400,"KB"
42,"333571243432",2,16,54.5000,3.4100,3.2600,"KB"
42,"333571243445",2,17,60.0000,3.5300,3.6000,"KB"
42,"333571243513",2,15,55.3000,3.6900,3.5200,"KB"
42,"333571243542",2,16,53.1000,3.3200,3.3500,"KB"
42,"333571243597",2,17,61.6000,3.6200,3.6100,"KB"
42,"333571243607",2,15,54.2000,3.6100,3.4800,"KB"
42,"333571243610",2,19,63.7000,3.3500,3.3600,"KB"
42,"333571243665",2,16,53.9000,3.3700,3.4600,"KB"
42,"333571243681",2,17,57.4000,3.3800,3.4400,"KB"
42,"333571243694",2,17,63.3000,3.7200,3.6300,"KB"
42,"333571243704",2,15,55.3000,3.6900,3.5600,"KB"
42,"333571243720",2,15,55.6000,3.7100,3.5700,"KB"
42,"333571243762",2,15,58.0000,3.8700,3.6700,"KB"
42,"333571243775",2,19,74.2000,3.9100,3.8700,"KB"
42,"333571243801",2,16,53.9000,3.3700,3.5100,"KB"
42,"333571243814",2,17,62.0000,3.6500,3.7000,"KB"
42,"333571243827",2,17,59.8000,3.5200,3.4600,"KB"
42,"333571243830",2,15,50.2000,3.3500,3.2900,"KB"
42,"333571243843",2,15,57.1000,3.8100,3.5700,"KB"
42,"333571243856",2,15,58.0000,3.8700,3.6700,"KB"
42,"333571243869",2,19,65.5000,3.4500,3.4900,"KB"
42,"333571243982",2,17,62.5000,3.6800,3.5600,"KB"
42,"333571243995",2,17,59.6000,3.5100,3.4700,"KB"
42,"333571244017",2,15,56.2000,3.7500,3.5900,"KB"
42,"333571244020",2,15,57.6000,3.8400,3.6500,"KB"
42,"333571244033",2,15,56.6000,3.7700,3.6200,"KB"
42,"333571244130",2,15,53.3000,3.5500,3.4700,"KB"
42,"333571244143",2,15,57.4000,3.8300,3.7100,"KB"
42,"333571244185",2,17,58.7000,3.4500,3.4600,"KB"
42,"333571244198",2,15,55.1000,3.6700,3.5100,"KB"
42,"333571244208",2,16,54.7000,3.4200,3.4500,"KB"
42,"333571244211",2,15,58.0000,3.8700,3.6700,"KB"
42,"333571244224",2,15,56.8000,3.7900,3.5700,"KB"
42,"333571244237",2,15,56.0000,3.7300,3.5200,"KB"
42,"333571244266",2,19,44.1000,2.3200,2.3200,"KB"
42,"333571244282",2,19,65.2000,3.4300,3.5300,"KB"
42,"333571244457",1,20,61.3000,3.0700,3.0700,"KB"
42,"333571244525",1,12,40.7000,3.3900,3.3900,"KB"
42,"333571244541",1,12,43.2000,3.6000,3.6000,"KB"
42,"333571244554",1,12,43.5000,3.6300,3.6300,"KB"
42,"333571244567",1,12,47.1000,3.9300,3.9300,"KB"
42,"333571244570",1,12,40.4000,3.3700,3.3700,"KB"
42,"333571244583",1,12,42.6000,3.5500,3.5500,"KB"
42,"333571244596",1,12,41.8000,3.4800,3.4800,"KB"
42,"333571244606",1,12,40.0000,3.3300,3.3300,"KB"
42,"333571244619",1,12,39.5000,3.2900,3.2900,"KB"
42,"333571244622",1,12,38.5000,3.2100,3.2100,"KB"
42,"333571244635",1,12,44.1000,3.6800,3.6800,"KB"
42,"333571244648",1,12,46.5000,3.8800,3.8800,"KB"
42,"333571244651",1,12,44.4000,3.7000,3.7000,"KB"
42,"333571244664",1,12,44.1000,3.6800,3.6800,"KB"
42,"333571244729",1,13,52.0000,4.0000,4.0000,"KB"
42,"333571244732",1,13,36.8000,2.8300,2.8300,"KB"
42,"333571244758",1,13,47.2000,3.6300,3.6300,"KB"
42,"333571244761",1,13,46.0000,3.5400,3.5400,"KB"
42,"333571244787",1,13,37.4000,2.8800,2.8800,"KB"
42,"333571244790",1,13,42.0000,3.2300,3.2300,"KB"
42,"333571244800",1,13,45.4000,3.4900,3.4900,"KB"
42,"333571244813",1,13,43.8000,3.3700,3.3700,"KB"
42,"333571244826",1,13,42.6000,3.2800,3.2800,"KB"
42,"333571244839",1,13,43.2000,3.3200,3.3200,"KB"
42,"333571244842",1,13,43.8000,3.3700,3.3700,"KB"
42,"333571244855",1,13,39.4000,3.0300,3.0300,"KB"
42,"333571244868",1,16,58.6000,3.6600,3.6600,"KB"
42,"333571244871",1,16,50.7000,3.1700,3.1700,"KB"
42,"333571244897",1,16,61.4000,3.8400,3.8400,"KB"
42,"333571244907",1,16,53.2000,3.3300,3.3300,"KB"
42,"333571244910",1,16,61.6000,3.8500,3.8500,"KB"
42,"333571244923",1,16,58.0000,3.6300,3.6300,"KB"
42,"333571244949",1,16,54.6000,3.4100,3.4100,"KB"
42,"333571244952",1,16,60.0000,3.7500,3.7500,"KB"
42,"333571244965",1,16,54.4000,3.4000,3.4000,"KB"
42,"333571244981",1,16,61.0000,3.8100,3.8100,"KB"
42,"333571244994",1,15,55.9000,3.7300,3.7300,"KB"
42,"333571245003",1,15,55.3000,3.6900,3.6900,"KB"
42,"333571245029",1,15,52.2000,3.4800,3.4800,"KB"
42,"333571245032",1,15,49.5000,3.3000,3.3000,"KB"
42,"333571245058",1,15,55.7000,3.7100,3.7100,"KB"
42,"333571245061",1,15,51.2000,3.4100,3.4100,"KB"
42,"333571245074",1,15,48.1000,3.2100,3.2100,"KB"
42,"333571245090",1,15,50.7000,3.3800,3.3800,"KB"
42,"333571245155",1,15,55.9000,3.7300,3.7300,"KB"
42,"333571245168",1,15,53.3000,3.5500,3.5500,"KB"
42,"333571245171",1,15,58.8000,3.9200,3.9200,"KB"
42,"333571245197",1,15,57.9000,3.8600,3.8600,"KB"
42,"333571245207",1,15,58.8000,3.9200,3.9200,"KB"
42,"333571245210",1,15,57.3000,3.8200,3.8200,"KB"
42,"333571245236",1,20,57.6000,2.8800,2.8800,"KB"
42,"333571245294",1,16,62.8000,3.9300,3.9300,"KB"
42,"333571245304",1,16,59.6000,3.7300,3.7300,"KB"
42,"333571245333",1,15,53.1000,3.5400,3.5400,"KB"
42,"333571245359",1,15,52.7000,3.5100,3.5100,"KB"
42,"333571245362",1,15,49.3000,3.2900,3.2900,"KB"
42,"333571245401",1,13,42.3000,3.2500,3.2500,"KB"
42,"333571245595",1,12,47.1000,3.9300,3.9300,"KB"
42,"333571245618",1,12,46.2000,3.8500,3.8500,"KB"
42,"333571245634",1,13,40.6000,3.1200,3.1200,"KB"
42,"333571245650",1,13,41.4000,3.1800,3.1800,"KB"
42,"333571245663",1,13,45.2000,3.4800,3.4800,"KB"
42,"333571245702",1,13,49.0000,3.7700,3.7700,"KB"
42,"333571245731",1,15,48.7000,3.2500,3.2500,"KB"
42,"333571245786",1,15,53.7000,3.5800,3.5800,"KB"
42,"333571245838",1,15,55.1000,3.6700,3.6700,"KB"
42,"333571245883",1,16,55.0000,3.4400,3.4400,"KB"
42,"333571245896",1,16,56.0000,3.5000,3.5000,"KB"
42,"333571245906",1,16,62.8000,3.9300,3.9300,"KB"
42,"333571245919",1,16,61.0000,3.8100,3.8100,"KB"
42,"333571245922",1,16,58.1000,3.6300,3.6300,"KB"
42,"333571245935",1,16,59.4000,3.7100,3.7100,"KB"
42,"333571245948",1,15,43.8000,2.9200,2.9200,"KB"
42,"333571245980",1,12,45.9000,3.8300,3.8300,"KB"
42,"333571245993",1,15,54.1000,3.6100,3.6100,"KB"
42,"333571246002",1,15,48.4000,3.2300,3.2300,"KB"
42,"333571246015",1,15,46.3000,3.0900,3.0900,"KB"
42,"333571246028",1,15,51.8000,3.4500,3.4500,"KB"
42,"333571246057",1,13,42.6000,3.2800,3.2800,"KB"
42,"333571246073",1,13,40.3000,3.1000,3.1000,"KB"
42,"333571246109",1,16,62.8000,3.9300,3.9300,"KB"
42,"333571246293",1,12,43.2000,3.6000,3.6000,"KB"
42,"333571246303",1,12,45.9000,3.8300,3.8300,"KB"
42,"333571246316",1,12,44.4000,3.7000,3.7000,"KB"
42,"333571246329",1,15,54.7000,3.6500,3.6500,"KB"
42,"333571246345",1,12,45.9000,3.8300,3.8300,"KB"
42,"333571246374",1,13,41.8000,3.2200,3.2200,"KB"
42,"333571246439",1,15,53.6000,3.5700,3.5700,"KB"
42,"333571246455",1,16,60.2000,3.7600,3.7600,"KB"
42,"333571246701",1,15,55.3000,3.6900,3.6900,"KB"
42,"333571246714",1,15,56.5000,3.7700,3.7700,"KB"
43,"333531249117",3,20,72.1000,3.6100,3.7200,"KB"
43,"333571240147",4,14,45.3000,3.2400,3.1500,"KB"
43,"333571240231",4,14,49.0000,3.5000,3.5800,"KB"
43,"333571242802",3,19,61.3000,3.2300,3.2300,"KB"
43,"333571242815",3,19,68.8000,3.6200,3.4700,"KB"
43,"333571242828",3,19,66.7000,3.5100,3.5200,"KB"
43,"333571242844",3,19,70.5000,3.7100,3.6800,"KB"
43,"333571242886",3,19,71.3000,3.7500,3.5100,"KB"
43,"333571242899",3,19,71.2000,3.7500,3.7100,"KB"
43,"333571242912",3,19,65.2000,3.4300,3.4400,"KB"
43,"333571242925",3,19,69.6000,3.6600,3.6200,"KB"
43,"333571242938",3,19,64.0000,3.3700,3.4400,"KB"
43,"333571242941",3,19,60.4000,3.1800,3.2900,"KB"
43,"333571242954",3,19,67.0000,3.5300,3.5900,"KB"
43,"333571242967",3,19,67.6000,3.5600,3.5400,"KB"
43,"333571242983",3,19,63.1000,3.3200,3.3900,"KB"
43,"333571242996",3,19,66.1000,3.4800,3.5200,"KB"
43,"333571243005",3,19,70.0000,3.6800,3.5200,"KB"
43,"333571243018",3,19,64.0000,3.3700,3.3800,"KB"
43,"333571243092",3,16,56.0000,3.5000,3.3500,"KB"
43,"333571243115",3,16,56.0000,3.5000,3.6500,"KB"
43,"333571243128",3,16,57.5000,3.5900,3.6700,"KB"
43,"333571243131",3,16,54.8000,3.4300,3.7300,"KB"
43,"333571243144",3,16,51.8000,3.2400,3.3300,"KB"
43,"333571243157",3,16,57.2000,3.5800,3.4000,"KB"
43,"333571243160",3,16,50.4000,3.1500,2.9900,"KB"
43,"333571243173",3,16,53.8000,3.3600,3.2700,"KB"
43,"333571243186",3,16,56.1000,3.5100,3.5300,"KB"
43,"333571243199",3,16,55.2000,3.4500,3.0900,"KB"
43,"333571243225",3,16,56.7000,3.5400,3.6400,"KB"
43,"333571243254",3,16,58.9000,3.6800,3.7000,"KB"
43,"333571243267",3,19,70.0000,3.6800,3.6100,"KB"
43,"333571243270",3,19,66.7000,3.5100,3.3500,"KB"
43,"333571243283",3,19,69.2000,3.6400,3.5700,"KB"
43,"333571243296",3,19,71.2000,3.7500,3.4900,"KB"
43,"333571243319",3,20,69.1000,3.4600,3.4100,"KB"
43,"333571243322",3,20,67.0000,3.3500,3.2100,"KB"
43,"333571243348",3,20,72.3000,3.6200,3.7600,"KB"
43,"333571243429",3,19,69.5000,3.6600,3.5900,"KB"
43,"333571243432",3,19,65.8000,3.4600,3.3400,"KB"
43,"333571243445",3,16,60.1000,3.7600,3.6500,"KB"
43,"333571243513",3,19,64.8000,3.4100,3.4800,"KB"
43,"333571243542",3,19,61.6000,3.2400,3.3000,"KB"
43,"333571243597",3,16,55.4000,3.4600,3.5600,"KB"
43,"333571243607",3,19,67.9000,3.5700,3.5100,"KB"
43,"333571243610",3,20,69.2000,3.4600,3.4000,"KB"
43,"333571243665",3,19,68.7000,3.6200,3.5200,"KB"
43,"333571243681",3,16,54.6000,3.4100,3.4300,"KB"
43,"333571243694",3,16,50.8000,3.1800,3.4700,"KB"
43,"333571243704",3,19,71.8000,3.7800,3.6400,"KB"
43,"333571243720",3,19,73.9000,3.8900,3.6900,"KB"
43,"333571243762",3,19,70.1000,3.6900,3.6800,"KB"
43,"333571243775",3,20,71.7000,3.5900,3.7600,"KB"
43,"333571243801",3,19,66.1000,3.4800,3.5000,"KB"
43,"333571243814",3,16,52.2000,3.2600,3.5500,"KB"
43,"333571243827",3,16,55.7000,3.4800,3.4700,"KB"
43,"333571243830",3,19,64.5000,3.3900,3.3300,"KB"
43,"333571243843",3,19,66.6000,3.5100,3.5500,"KB"
43,"333571243856",3,19,73.3000,3.8600,3.7400,"KB"
43,"333571243869",3,20,64.9000,3.2500,3.4000,"KB"
43,"333571243982",3,16,56.7000,3.5400,3.5600,"KB"
43,"333571243995",3,16,53.9000,3.3700,3.4300,"KB"
43,"333571244017",3,19,68.8000,3.6200,3.6000,"KB"
43,"333571244020",3,19,70.9000,3.7300,3.6800,"KB"
43,"333571244033",3,19,74.0000,3.8900,3.7300,"KB"
43,"333571244130",3,19,68.2000,3.5900,3.5200,"KB"
43,"333571244143",3,19,72.5000,3.8200,3.7500,"KB"
43,"333571244185",3,16,53.6000,3.3500,3.4200,"KB"
43,"333571244198",3,19,65.7000,3.4600,3.4900,"KB"
43,"333571244208",3,19,68.7000,3.6200,3.5200,"KB"
43,"333571244211",3,19,74.8000,3.9400,3.7700,"KB"
43,"333571244224",3,19,69.1000,3.6400,3.6000,"KB"
43,"333571244237",3,19,70.0000,3.6800,3.5800,"KB"
43,"333571244266",3,20,42.9000,2.1500,2.2500,"KB"
43,"333571244276",1,12,40.2000,3.3500,3.3500,"KB"
43,"333571244282",3,20,69.6000,3.4800,3.5100,"KB"
43,"333571244457",2,20,45.6000,2.2800,2.6700,"KB"
43,"333571244525",2,16,56.1000,3.5100,3.4600,"KB"
43,"333571244541",2,16,55.7000,3.4800,3.5300,"KB"
43,"333571244554",2,16,54.8000,3.4300,3.5100,"KB"
43,"333571244567",2,16,57.3000,3.5800,3.7300,"KB"
43,"333571244570",2,16,53.0000,3.3100,3.3400,"KB"
43,"333571244583",2,16,56.0000,3.5000,3.5200,"KB"
43,"333571244596",2,16,55.7000,3.4800,3.4800,"KB"
43,"333571244606",2,16,53.6000,3.3500,3.3400,"KB"
43,"333571244619",2,16,55.6000,3.4800,3.4000,"KB"
43,"333571244622",2,16,55.2000,3.4500,3.3500,"KB"
43,"333571244635",2,16,55.1000,3.4400,3.5400,"KB"
43,"333571244648",2,16,58.6000,3.6600,3.7500,"KB"
43,"333571244651",2,16,57.0000,3.5600,3.6200,"KB"
43,"333571244664",2,16,58.4000,3.6500,3.6600,"KB"
43,"333571244729",2,17,64.8000,3.8100,3.8900,"KB"
43,"333571244732",2,17,54.9000,3.2300,3.0600,"KB"
43,"333571244758",2,17,64.0000,3.7600,3.7100,"KB"
43,"333571244761",2,17,64.5000,3.7900,3.6800,"KB"
43,"333571244787",2,17,55.9000,3.2900,3.1100,"KB"
43,"333571244790",2,17,57.5000,3.3800,3.3200,"KB"
43,"333571244800",2,17,63.0000,3.7100,3.6100,"KB"
43,"333571244813",2,17,64.8000,3.8100,3.6200,"KB"
43,"333571244826",2,17,61.7000,3.6300,3.4800,"KB"
43,"333571244839",2,17,64.8000,3.8100,3.6000,"KB"
43,"333571244842",2,17,65.7000,3.8600,3.6500,"KB"
43,"333571244855",2,17,57.9000,3.4100,3.2400,"KB"
43,"333571244868",2,15,54.8000,3.6500,3.6600,"KB"
43,"333571244871",2,15,46.4000,3.0900,3.1300,"KB"
43,"333571244897",2,15,53.6000,3.5700,3.7100,"KB"
43,"333571244907",2,15,49.1000,3.2700,3.3000,"KB"
43,"333571244910",2,15,54.8000,3.6500,3.7500,"KB"
43,"333571244923",2,15,53.3000,3.5500,3.5900,"KB"
43,"333571244949",2,15,52.1000,3.4700,3.4400,"KB"
43,"333571244952",2,15,52.7000,3.5100,3.6400,"KB"
43,"333571244965",2,15,48.2000,3.2100,3.3100,"KB"
43,"333571244981",2,15,54.0000,3.6000,3.7100,"KB"
43,"333571245003",2,19,72.7000,3.8300,3.7600,"KB"
43,"333571245029",2,19,74.2000,3.9100,3.7200,"KB"
43,"333571245032",2,19,68.1000,3.5800,3.4600,"KB"
43,"333571245058",2,19,68.9000,3.6300,3.6600,"KB"
43,"333571245061",2,19,66.8000,3.5200,3.4700,"KB"
43,"333571245074",2,19,62.9000,3.3100,3.2600,"KB"
43,"333571245090",2,19,68.5000,3.6100,3.5100,"KB"
43,"333571245155",2,19,71.5000,3.7600,3.7500,"KB"
43,"333571245168",2,19,65.2000,3.4300,3.4900,"KB"
43,"333571245171",2,19,74.0000,3.8900,3.9100,"KB"
43,"333571245197",2,19,70.5000,3.7100,3.7800,"KB"
43,"333571245207",2,19,73.6000,3.8700,3.8900,"KB"
43,"333571245210",2,19,71.4000,3.7600,3.7900,"KB"
43,"333571245236",2,20,44.1000,2.2100,2.5400,"KB"
43,"333571245294",2,15,53.9000,3.5900,3.7600,"KB"
43,"333571245304",2,15,55.6000,3.7100,3.7200,"KB"
43,"333571245333",2,19,67.7000,3.5600,3.5500,"KB"
43,"333571245359",2,19,52.9000,2.7800,3.1100,"KB"
43,"333571245372",1,12,45.9000,3.8300,3.8300,"KB"
43,"333571245401",2,17,58.1000,3.4200,3.3500,"KB"
43,"333571245595",2,16,59.0000,3.6900,3.7900,"KB"
43,"333571245618",2,16,57.2000,3.5800,3.6900,"KB"
43,"333571245634",2,17,64.6000,3.8000,3.5100,"KB"
43,"333571245650",2,17,55.3000,3.2500,3.2200,"KB"
43,"333571245663",2,17,60.9000,3.5800,3.5400,"KB"
43,"333571245702",2,17,66.6000,3.9200,3.8500,"KB"
43,"333571245731",2,19,57.3000,3.0200,3.1200,"KB"
43,"333571245786",2,19,54.1000,2.8500,3.1700,"KB"
43,"333571245838",2,19,70.9000,3.7300,3.7100,"KB"
43,"333571245883",2,15,48.6000,3.2400,3.3400,"KB"
43,"333571245896",2,15,55.1000,3.6700,3.5800,"KB"
43,"333571245906",2,15,56.6000,3.7700,3.8500,"KB"
43,"333571245919",2,15,55.3000,3.6900,3.7500,"KB"
43,"333571245922",2,15,55.3000,3.6900,3.6600,"KB"
43,"333571245935",2,15,53.6000,3.5700,3.6500,"KB"
43,"333571245980",2,16,59.0000,3.6900,3.7500,"KB"
43,"333571245993",2,19,64.7000,3.4100,3.4900,"KB"
43,"333571246002",2,19,69.8000,3.6700,3.4800,"KB"
43,"333571246015",2,19,61.4000,3.2300,3.1700,"KB"
43,"333571246028",2,19,68.8000,3.6200,3.5500,"KB"
43,"333571246057",2,17,64.6000,3.8000,3.5700,"KB"
43,"333571246073",2,17,62.8000,3.6900,3.4400,"KB"
43,"333571246109",2,15,54.8000,3.6500,3.7900,"KB"
43,"333571246293",2,16,55.1000,3.4400,3.5100,"KB"
43,"333571246303",2,16,58.4000,3.6500,3.7300,"KB"
43,"333571246316",2,16,56.9000,3.5600,3.6200,"KB"
43,"333571246329",2,19,66.7000,3.5100,3.5700,"KB"
43,"333571246345",2,16,55.9000,3.4900,3.6400,"KB"
43,"333571246374",2,17,61.7000,3.6300,3.4500,"KB"
43,"333571246439",2,19,69.0000,3.6300,3.6100,"KB"
43,"333571246455",2,15,53.0000,3.5300,3.6500,"KB"
43,"333571246701",2,19,72.7000,3.8300,3.7600,"KB"
43,"333571246714",2,19,73.6000,3.8700,3.8300,"KB"
43,"333571246743",1,20,58.9000,2.9500,2.9500,"KB"
43,"333571246756",1,20,63.4000,3.1700,3.1700,"KB"
43,"333571246769",1,20,71.8000,3.5900,3.5900,"KB"
43,"333571246772",1,20,71.8000,3.5900,3.5900,"KB"
43,"333571246785",1,20,74.9000,3.7500,3.7500,"KB"
43,"333571246798",1,20,73.6000,3.6800,3.6800,"KB"
43,"333571246808",1,20,64.1000,3.2100,3.2100,"KB"
43,"333571246811",1,20,62.2000,3.1100,3.1100,"KB"
43,"333571246824",1,20,65.2000,3.2600,3.2600,"KB"
43,"333571246837",1,20,66.6000,3.3300,3.3300,"KB"
43,"333571246840",1,20,66.8000,3.3400,3.3400,"KB"
43,"333571246866",1,20,65.1000,3.2600,3.2600,"KB"
43,"333571246879",1,20,67.2000,3.3600,3.3600,"KB"
43,"333571246882",1,20,68.7000,3.4400,3.4400,"KB"
43,"333571246895",1,20,69.7000,3.4900,3.4900,"KB"
43,"333571246918",1,20,74.4000,3.7200,3.7200,"KB"
43,"333571246921",1,20,74.3000,3.7200,3.7200,"KB"
43,"333571246934",1,20,65.7000,3.2900,3.2900,"KB"
43,"333571246947",1,20,69.8000,3.4900,3.4900,"KB"
43,"333571246989",1,20,67.6000,3.3800,3.3800,"KB"
43,"333571246992",1,20,62.9000,3.1500,3.1500,"KB"
43,"333571247030",1,20,69.9000,3.5000,3.5000,"KB"
43,"333571247072",1,20,65.3000,3.2700,3.2700,"KB"
43,"333571247153",1,12,40.9000,3.4100,3.4100,"KB"
43,"333571247166",1,12,36.4000,3.0300,3.0300,"KB"
43,"333571247179",1,12,42.9000,3.5800,3.5800,"KB"
43,"333571247195",1,12,46.5000,3.8800,3.8800,"KB"
43,"333571247218",1,12,36.5000,3.0400,3.0400,"KB"
43,"333571247247",1,12,44.4000,3.7000,3.7000,"KB"
43,"333571247250",1,12,47.7000,3.9800,3.9800,"KB"
43,"333571247263",1,12,41.8000,3.4800,3.4800,"KB"
43,"333571247289",1,12,42.9000,3.5800,3.5800,"KB"
43,"333571247292",1,12,41.4000,3.4500,3.4500,"KB"
43,"333571247302",1,12,45.0000,3.7500,3.7500,"KB"
43,"333571247315",1,12,46.8000,3.9000,3.9000,"KB"
43,"333571247331",1,12,37.5000,3.1300,3.1300,"KB"
43,"333571247344",1,12,40.8000,3.4000,3.4000,"KB"
43,"333571247360",1,12,42.1000,3.5100,3.5100,"KB"
43,"333571247373",1,12,45.3000,3.7800,3.7800,"KB"
43,"333571247506",1,13,43.1000,3.3200,3.3200,"KB"
43,"333571247519",1,13,49.6000,3.8200,3.8200,"KB"
43,"333571247522",1,13,49.4000,3.8000,3.8000,"KB"
44,"333531249117",4,13,51.1000,3.9300,3.7600,"KB"
43,"333571247535",1,13,50.2000,3.8600,3.8600,"KB"
43,"333571247548",1,13,41.7000,3.2100,3.2100,"KB"
43,"333571247551",1,13,50.8000,3.9100,3.9100,"KB"
43,"333571247564",1,13,45.7000,3.5200,3.5200,"KB"
43,"333571247577",1,13,42.3000,3.2500,3.2500,"KB"
43,"333571247580",1,13,47.1000,3.6200,3.6200,"KB"
43,"333571247593",1,13,48.7000,3.7500,3.7500,"KB"
43,"333571247603",1,13,40.9000,3.1500,3.1500,"KB"
43,"333571247616",1,13,43.9000,3.3800,3.3800,"KB"
43,"333571247632",1,13,46.6000,3.5800,3.5800,"KB"
43,"333571247645",1,13,41.7000,3.2100,3.2100,"KB"
43,"333571247658",1,13,39.5000,3.0400,3.0400,"KB"
43,"333571247661",1,13,49.1000,3.7800,3.7800,"KB"
43,"333571247687",1,13,44.3000,3.4100,3.4100,"KB"
43,"333571247690",1,13,44.7000,3.4400,3.4400,"KB"
43,"333571247700",1,13,48.1000,3.7000,3.7000,"KB"
43,"333571247713",1,13,39.4000,3.0300,3.0300,"KB"
43,"333571247739",1,13,50.2000,3.8600,3.8600,"KB"
43,"333571247771",1,13,47.4000,3.6500,3.6500,"KB"
43,"333571247797",1,13,42.7000,3.2800,3.2800,"KB"
43,"333571247810",1,13,44.3000,3.4100,3.4100,"KB"
43,"333571247823",1,13,38.3000,2.9500,2.9500,"KB"
43,"333571247836",1,13,40.8000,3.1400,3.1400,"KB"
43,"333571247849",1,13,38.7000,2.9800,2.9800,"KB"
43,"333571247852",1,13,45.8000,3.5200,3.5200,"KB"
43,"333571247865",1,13,44.0000,3.3800,3.3800,"KB"
43,"333571247878",1,13,42.0000,3.2300,3.2300,"KB"
43,"333571247881",1,13,45.9000,3.5300,3.5300,"KB"
43,"333571247894",1,13,45.6000,3.5100,3.5100,"KB"
43,"333571247904",1,16,59.3000,3.7100,3.7100,"KB"
43,"333571247917",1,16,53.9000,3.3700,3.3700,"KB"
43,"333571247933",1,16,56.5000,3.5300,3.5300,"KB"
43,"333571247946",1,16,56.9000,3.5600,3.5600,"KB"
43,"333571247962",1,16,50.7000,3.1700,3.1700,"KB"
43,"333571247975",1,16,57.3000,3.5800,3.5800,"KB"
43,"333571247988",1,16,52.5000,3.2800,3.2800,"KB"
43,"333571248000",1,16,49.3000,3.0800,3.0800,"KB"
43,"333571248013",1,16,55.2000,3.4500,3.4500,"KB"
43,"333571248026",1,16,51.3000,3.2100,3.2100,"KB"
43,"333571248042",1,16,59.8000,3.7400,3.7400,"KB"
43,"333571248055",1,16,60.7000,3.7900,3.7900,"KB"
43,"333571248071",1,16,57.0000,3.5600,3.5600,"KB"
43,"333571248084",1,16,55.8000,3.4900,3.4900,"KB"
43,"333571248107",1,15,43.6000,2.9100,2.9100,"KB"
43,"333571248123",1,20,71.5000,3.5800,3.5800,"KB"
43,"333571248178",1,20,74.3000,3.7200,3.7200,"KB"
43,"333571248181",1,20,68.9000,3.4500,3.4500,"KB"
43,"333571248288",1,13,44.8000,3.4500,3.4500,"KB"
43,"333571248291",1,12,41.9000,3.4900,3.4900,"KB"
43,"333571248301",1,13,48.4000,3.7200,3.7200,"KB"
43,"333571248314",1,20,69.6000,3.4800,3.4800,"KB"
43,"333571248330",1,16,42.4000,2.6500,2.6500,"KB"
43,"333571248372",1,13,38.5000,2.9600,2.9600,"KB"
43,"333571248385",1,20,64.2000,3.2100,3.2100,"KB"
43,"333571248398",1,13,45.6000,3.5100,3.5100,"KB"
43,"333571248408",1,13,42.5000,3.2700,3.2700,"KB"
43,"333571248411",1,16,54.6000,3.4100,3.4100,"KB"
43,"333571248534",1,13,40.6000,3.1200,3.1200,"KB"
43,"333571248547",1,16,51.2000,3.2000,3.2000,"KB"
43,"333571248550",1,16,50.8000,3.1800,3.1800,"KB"
43,"333571248576",1,16,55.4000,3.4600,3.4600,"KB"
43,"333571248602",1,12,45.0000,3.7500,3.7500,"KB"
43,"333571248631",1,12,40.3000,3.3600,3.3600,"KB"
43,"333571248657",1,15,53.2000,3.5500,3.5500,"KB"
43,"333571248673",1,13,45.7000,3.5200,3.5200,"KB"
43,"333571248686",1,15,55.3000,3.6900,3.6900,"KB"
43,"333572148628",1,15,52.1000,3.4700,3.4700,"KB"
43,"333451244386",1,12,44.8000,3.7300,3.7300,"KB"
44,"333571240147",5,18,63.6000,3.5300,3.2400,"KB"
44,"333571248547",2,15,49.1000,3.2700,3.2400,"KB"
44,"333571248550",2,15,51.2000,3.4100,3.2900,"KB"
44,"333571248576",2,15,53.2000,3.5500,3.5000,"KB"
44,"333571248602",2,16,58.0000,3.6300,3.6800,"KB"
44,"333571248631",2,16,57.7000,3.6100,3.5000,"KB"
44,"333571248657",2,19,64.8000,3.4100,3.4700,"KB"
44,"333571248673",2,17,59.9000,3.5200,3.5200,"KB"
44,"333571248686",2,19,68.1000,3.5800,3.6300,"KB"
44,"333571248738",1,20,71.4000,3.5700,3.5700,"KB"
44,"333571248754",1,20,65.3000,3.2700,3.2700,"KB"
44,"333571248819",1,20,75.6000,3.7800,3.7800,"KB"
44,"333571248822",1,20,51.5000,2.5800,2.5800,"KB"
44,"333571248835",1,20,71.4000,3.5700,3.5700,"KB"
44,"333571248848",1,20,74.0000,3.7000,3.7000,"KB"
44,"333571248851",1,20,72.1000,3.6100,3.6100,"KB"
44,"333571248893",1,20,72.4000,3.6200,3.6200,"KB"
44,"333571248916",1,20,74.6000,3.7300,3.7300,"KB"
44,"333571248932",1,20,65.1000,3.2600,3.2600,"KB"
44,"333571249012",1,20,78.0000,3.9000,3.9000,"KB"
44,"333571249038",1,20,64.1000,3.2100,3.2100,"KB"
44,"333571249067",1,20,69.4000,3.4700,3.4700,"KB"
44,"333571249083",1,20,71.0000,3.5500,3.5500,"KB"
44,"333571249148",1,20,69.3000,3.4700,3.4700,"KB"
44,"333571249177",1,12,43.5000,3.6300,3.6300,"KB"
44,"333571249180",1,12,41.5000,3.4600,3.4600,"KB"
44,"333571249193",1,12,48.0000,4.0000,4.0000,"KB"
44,"333571249211",1,18,57.1000,3.1700,3.1700,"KB"
44,"333571249216",1,15,59.4000,3.9600,3.9600,"KB"
44,"333571249229",1,12,43.9000,3.6600,3.6600,"KB"
44,"333571249232",1,12,44.4000,3.7000,3.7000,"KB"
44,"333571249245",1,12,40.9000,3.4100,3.4100,"KB"
44,"333571249258",1,12,36.5000,3.0400,3.0400,"KB"
44,"333571249261",1,12,44.1000,3.6800,3.6800,"KB"
44,"333571249274",1,12,39.2000,3.2700,3.2700,"KB"
44,"333571249287",1,12,41.1000,3.4300,3.4300,"KB"
44,"333571249313",1,12,46.5000,3.8800,3.8800,"KB"
44,"333571249339",1,12,45.6000,3.8000,3.8000,"KB"
44,"333571249342",1,12,43.6000,3.6300,3.6300,"KB"
44,"333571249368",1,12,43.6000,3.6300,3.6300,"KB"
44,"333571249384",1,12,45.0000,3.7500,3.7500,"KB"
44,"333571249397",1,12,42.1000,3.5100,3.5100,"KB"
44,"333571249410",1,12,39.1000,3.2600,3.2600,"KB"
44,"333571249423",1,12,42.4000,3.5300,3.5300,"KB"
44,"333571249436",1,12,41.5000,3.4600,3.4600,"KB"
44,"333571249449",1,12,40.0000,3.3300,3.3300,"KB"
44,"333571249452",1,12,41.2000,3.4300,3.4300,"KB"
44,"333571249465",1,12,44.5000,3.7100,3.7100,"KB"
44,"333571249478",1,12,45.0000,3.7500,3.7500,"KB"
44,"333571249481",1,12,45.9000,3.8300,3.8300,"KB"
44,"333571249494",1,12,37.6000,3.1300,3.1300,"KB"
44,"333571249504",1,12,40.6000,3.3800,3.3800,"KB"
44,"333571249517",1,12,39.5000,3.2900,3.2900,"KB"
44,"333571249520",1,12,41.7000,3.4800,3.4800,"KB"
44,"333571249533",1,12,45.9000,3.8300,3.8300,"KB"
44,"333571249546",1,12,36.5000,3.0400,3.0400,"KB"
44,"333571249559",1,12,45.7000,3.8100,3.8100,"KB"
44,"333571249562",1,12,43.6000,3.6300,3.6300,"KB"
44,"333571249575",1,12,39.5000,3.2900,3.2900,"KB"
44,"333571249588",1,12,40.3000,3.3600,3.3600,"KB"
44,"333571249591",1,18,56.4000,3.1300,3.1300,"KB"
44,"333571249601",1,18,62.1000,3.4500,3.4500,"KB"
44,"333571249614",1,18,66.8000,3.7100,3.7100,"KB"
44,"333571249627",1,18,71.4000,3.9700,3.9700,"KB"
44,"333571249630",1,18,63.2000,3.5100,3.5100,"KB"
44,"333571249643",1,18,61.3000,3.4100,3.4100,"KB"
44,"333571249656",1,18,52.9000,2.9400,2.9400,"KB"
44,"333571249669",1,18,59.9000,3.3300,3.3300,"KB"
44,"333571249672",1,18,67.8000,3.7700,3.7700,"KB"
44,"333571249782",1,18,57.8000,3.2100,3.2100,"KB"
44,"333571249698",1,18,60.9000,3.3800,3.3800,"KB"
44,"333571249708",1,18,65.2000,3.6200,3.6200,"KB"
44,"333571249724",1,18,58.6000,3.2600,3.2600,"KB"
44,"333571249740",1,18,61.5000,3.4200,3.4200,"KB"
44,"333571249766",1,18,63.2000,3.5100,3.5100,"KB"
44,"333571249779",1,18,62.2000,3.4600,3.4600,"KB"
44,"333571249737",1,18,52.9000,2.9400,2.9400,"KB"
44,"333571249805",1,13,44.6000,3.4300,3.4300,"KB"
44,"333571249818",1,13,50.2000,3.8600,3.8600,"KB"
44,"333571249834",1,13,52.0000,4.0000,4.0000,"KB"
44,"333571249892",1,13,50.2000,3.8600,3.8600,"KB"
44,"333571249902",1,13,50.2000,3.8600,3.8600,"KB"
44,"333571249915",1,13,45.8000,3.5200,3.5200,"KB"
44,"333571249928",1,13,48.2000,3.7100,3.7100,"KB"
44,"333571249931",1,13,51.4000,3.9500,3.9500,"KB"
44,"333571249944",1,13,51.4000,3.9500,3.9500,"KB"
44,"333571249957",1,13,50.8000,3.9100,3.9100,"KB"
44,"333571249960",1,13,48.2000,3.7100,3.7100,"KB"
44,"333571249986",1,13,45.2000,3.4800,3.4800,"KB"
44,"333571249999",1,13,48.8000,3.7500,3.7500,"KB"
44,"333571250001",1,13,52.0000,4.0000,4.0000,"KB"
44,"333571250014",1,13,50.2000,3.8600,3.8600,"KB"
44,"333571250030",1,16,55.2000,3.4500,3.4500,"KB"
44,"333571250043",1,16,57.7000,3.6100,3.6100,"KB"
44,"333571250069",1,16,56.5000,3.5300,3.5300,"KB"
44,"333571250072",1,16,54.6000,3.4100,3.4100,"KB"
44,"333571250085",1,16,57.0000,3.5600,3.5600,"KB"
44,"333571250098",1,16,56.7000,3.5400,3.5400,"KB"
44,"333571250108",1,16,55.6000,3.4800,3.4800,"KB"
44,"333571250111",1,16,56.7000,3.5400,3.5400,"KB"
44,"333571250137",1,16,57.9000,3.6200,3.6200,"KB"
44,"333571250140",1,16,58.5000,3.6600,3.6600,"KB"
44,"333571250153",1,16,54.4000,3.4000,3.4000,"KB"
44,"333571250166",1,16,48.7000,3.0400,3.0400,"KB"
44,"333571250179",1,16,53.0000,3.3100,3.3100,"KB"
44,"333571250182",1,16,51.4000,3.2100,3.2100,"KB"
44,"333571250218",1,16,52.9000,3.3100,3.3100,"KB"
44,"333571250221",1,16,53.5000,3.3400,3.3400,"KB"
44,"333571250234",1,16,58.9000,3.6800,3.6800,"KB"
44,"333571250250",1,16,57.3000,3.5800,3.5800,"KB"
44,"333571250263",1,16,54.4000,3.4000,3.4000,"KB"
44,"333571250276",1,16,49.3000,3.0800,3.0800,"KB"
44,"333571250289",1,16,53.2000,3.3300,3.3300,"KB"
44,"333571250292",1,16,57.9000,3.6200,3.6200,"KB"
44,"333571250302",1,16,55.8000,3.4900,3.4900,"KB"
44,"333571250315",1,16,59.5000,3.7200,3.7200,"KB"
44,"333571250328",1,16,57.9000,3.6200,3.6200,"KB"
44,"333571250331",1,16,56.7000,3.5400,3.5400,"KB"
44,"333571250124",1,16,55.3000,3.4600,3.4600,"KB"
44,"333571250360",1,16,60.7000,3.7900,3.7900,"KB"
44,"333571250399",1,16,55.8000,3.4900,3.4900,"KB"
44,"333571250412",1,16,51.7000,3.2300,3.2300,"KB"
44,"333571250425",1,16,57.0000,3.5600,3.5600,"KB"
44,"333571250470",1,16,54.5000,3.4100,3.4100,"KB"
44,"333571250483",1,15,55.7000,3.7100,3.7100,"KB"
44,"333571250496",1,15,51.5000,3.4300,3.4300,"KB"
44,"333571250519",1,15,59.4000,3.9600,3.9600,"KB"
44,"333571250522",1,15,53.3000,3.5500,3.5500,"KB"
44,"333571250535",1,15,56.7000,3.7800,3.7800,"KB"
44,"333571250548",1,15,39.4000,2.6300,2.6300,"KB"
44,"333571250551",1,15,55.4000,3.6900,3.6900,"KB"
44,"333571250564",1,15,52.0000,3.4700,3.4700,"KB"
44,"333571250577",1,15,56.6000,3.7700,3.7700,"KB"
44,"333571250580",1,15,60.0000,4.0000,4.0000,"KB"
44,"333571250632",1,15,55.9000,3.7300,3.7300,"KB"
44,"333571250726",1,15,57.4000,3.8300,3.8300,"KB"
44,"333571250739",1,15,60.0000,4.0000,4.0000,"KB"
44,"333571250755",1,15,55.7000,3.7100,3.7100,"KB"
44,"333571250771",1,15,50.3000,3.3500,3.3500,"KB"
44,"333571250823",1,15,44.3000,2.9500,2.9500,"KB"
44,"333571250836",1,15,58.0000,3.8700,3.8700,"KB"
44,"333571250852",1,15,59.4000,3.9600,3.9600,"KB"
44,"333571250865",1,15,59.4000,3.9600,3.9600,"KB"
44,"333571250878",1,15,51.5000,3.4300,3.4300,"KB"
44,"333571250881",1,15,57.1000,3.8100,3.8100,"KB"
44,"333571250894",1,15,60.0000,4.0000,4.0000,"KB"
44,"333571250946",1,15,59.4000,3.9600,3.9600,"KB"
44,"333571250962",1,15,54.1000,3.6100,3.6100,"KB"
44,"333571251039",1,15,55.9000,3.7300,3.7300,"KB"
44,"333571251068",1,20,73.3000,3.6700,3.6700,"KB"
44,"333571251071",1,20,68.8000,3.4400,3.4400,"KB"
44,"333571251084",1,20,69.6000,3.4800,3.4800,"KB"
44,"333571251107",1,12,41.4000,3.4500,3.4500,"KB"
44,"333571251123",1,12,44.1000,3.6800,3.6800,"KB"
44,"333571251149",1,12,39.5000,3.2900,3.2900,"KB"
44,"333571251152",1,13,45.6000,3.5100,3.5100,"KB"
44,"333571251165",1,13,49.0000,3.7700,3.7700,"KB"
44,"333571251178",1,16,55.3000,3.4600,3.4600,"KB"
44,"333571251181",1,16,51.7000,3.2300,3.2300,"KB"
44,"333571251204",1,15,56.6000,3.7700,3.7700,"KB"
44,"333571251233",1,15,55.3000,3.6900,3.6900,"KB"
46,"333571244457",5,0,0.0000,0.0000,2.8500,"KBG"
44,"333571251262",1,20,73.4000,3.6700,3.6700,"KB"
44,"333571251288",1,20,74.8000,3.7400,3.7400,"KB"
44,"333571251291",1,16,48.1000,3.0100,3.0100,"KB"
44,"333571251301",1,12,39.2000,3.2700,3.2700,"KB"
44,"333571251314",1,20,74.8000,3.7400,3.7400,"KB"
44,"333571251327",1,20,69.0000,3.4500,3.4500,"KB"
44,"333571251343",1,16,50.9000,3.1800,3.1800,"KB"
44,"333571251356",1,13,46.8000,3.6000,3.6000,"KB"
44,"333571251369",1,12,40.8000,3.4000,3.4000,"KB"
44,"333571251372",1,20,70.4000,3.5200,3.5200,"KB"
44,"333571251398",1,20,74.8000,3.7400,3.7400,"KB"
44,"333571251408",1,20,74.4000,3.7200,3.7200,"KB"
44,"333571251411",1,20,75.6000,3.7800,3.7800,"KB"
44,"333571251424",1,13,42.6000,3.2800,3.2800,"KB"
44,"333571251437",1,13,45.6000,3.5100,3.5100,"KB"
44,"333571251453",1,13,47.4000,3.6500,3.6500,"KB"
44,"333571251466",1,13,48.2000,3.7100,3.7100,"KB"
44,"333571251479",1,20,64.5000,3.2300,3.2300,"KB"
44,"333571251482",1,16,53.8000,3.3600,3.3600,"KB"
44,"333571251495",1,12,40.5000,3.3800,3.3800,"KB"
44,"333571251505",1,16,53.9000,3.3700,3.3700,"KB"
44,"333571251518",1,15,53.8000,3.5900,3.5900,"KB"
44,"333571251521",1,20,74.2000,3.7100,3.7100,"KB"
44,"333571251534",1,16,56.7000,3.5400,3.5400,"KB"
44,"333572148628",2,19,66.3000,3.4900,3.4800,"KB"
44,"333571249685",1,18,60.7000,3.3700,3.3700,"KB"
44,"333571249795",1,18,61.4000,3.4100,3.4100,"KB"
44,"333571251440",1,15,58.0000,3.8700,3.8700,"KB"
44,"333571242802",4,16,56.0000,3.5000,3.3000,"KB"
44,"333571242815",4,16,51.6000,3.2300,3.4100,"KB"
44,"333571242828",4,16,56.0000,3.5000,3.5100,"KB"
44,"333571242844",4,16,60.0000,3.7500,3.7000,"KB"
44,"333571242886",4,16,58.2000,3.6400,3.5400,"KB"
44,"333571242899",4,16,58.8000,3.6800,3.7000,"KB"
44,"333571242912",4,16,55.6000,3.4800,3.4500,"KB"
44,"333571242925",4,16,57.4000,3.5900,3.6100,"KB"
44,"333571242938",4,16,57.2000,3.5800,3.4800,"KB"
44,"333571242941",4,16,56.0000,3.5000,3.3500,"KB"
44,"333571242954",4,16,58.2000,3.6400,3.6000,"KB"
44,"333571242967",4,16,58.8000,3.6800,3.5800,"KB"
44,"333571242983",4,16,56.0000,3.5000,3.4200,"KB"
44,"333571242996",4,16,54.4000,3.4000,3.4900,"KB"
44,"333571243005",4,16,60.2000,3.7600,3.5800,"KB"
44,"333571243018",4,16,57.2000,3.5800,3.4300,"KB"
44,"333571243092",4,14,51.9000,3.7100,3.4300,"KB"
44,"333571243115",4,14,49.1000,3.5100,3.6200,"KB"
44,"333571243128",4,14,52.7000,3.7600,3.6900,"KB"
44,"333571243131",4,14,54.2000,3.8700,3.7600,"KB"
44,"333571243144",4,14,51.2000,3.6600,3.4100,"KB"
44,"333571243157",4,14,51.0000,3.6400,3.4600,"KB"
44,"333571243160",4,14,48.6000,3.4700,3.1000,"KB"
44,"333571243173",4,14,52.0000,3.7100,3.3800,"KB"
44,"333571243186",4,14,52.4000,3.7400,3.5800,"KB"
44,"333571243199",4,14,50.3000,3.5900,3.2100,"KB"
44,"333571243225",4,14,53.9000,3.8500,3.6900,"KB"
44,"333571243254",4,14,55.4000,3.9600,3.7600,"KB"
44,"333571243267",4,16,59.6000,3.7300,3.6400,"KB"
44,"333571243270",4,16,53.8000,3.3600,3.3500,"KB"
44,"333571243283",4,16,58.0000,3.6300,3.5800,"KB"
44,"333571243296",4,16,53.4000,3.3400,3.4500,"KB"
44,"333571243319",4,13,48.1000,3.7000,3.4700,"KB"
44,"333571243322",4,13,44.1000,3.3900,3.2400,"KB"
44,"333571243348",4,13,50.5000,3.8800,3.7900,"KB"
44,"333571243429",4,16,59.0000,3.6900,3.6100,"KB"
44,"333571243432",4,16,56.0000,3.5000,3.3800,"KB"
44,"333571243445",4,14,53.3000,3.8100,3.6900,"KB"
44,"333571243513",4,16,59.2000,3.7000,3.5300,"KB"
44,"333571243542",4,16,56.6000,3.5400,3.3600,"KB"
44,"333571243597",4,14,53.3000,3.8100,3.6200,"KB"
44,"333571243607",4,16,55.6000,3.4800,3.5000,"KB"
44,"333571243610",4,13,47.4000,3.6500,3.4500,"KB"
44,"333571243665",4,16,58.8000,3.6800,3.5600,"KB"
44,"333571243681",4,14,52.7000,3.7600,3.5100,"KB"
44,"333571243694",4,14,53.9000,3.8500,3.5600,"KB"
44,"333571243704",4,16,56.2000,3.5100,3.6100,"KB"
44,"333571243720",4,16,56.4000,3.5300,3.6500,"KB"
44,"333571243762",4,16,57.8000,3.6100,3.6600,"KB"
44,"333571243775",4,13,50.5000,3.8800,3.7900,"KB"
44,"333571243801",4,16,54.8000,3.4300,3.4800,"KB"
44,"333571243814",4,14,52.7000,3.7600,3.6000,"KB"
44,"333571243827",4,14,52.4000,3.7400,3.5300,"KB"
44,"333571243830",4,16,53.2000,3.3300,3.3300,"KB"
44,"333571243843",4,16,55.2000,3.4500,3.5200,"KB"
44,"333571243856",4,16,60.2000,3.7600,3.7500,"KB"
44,"333571243869",4,13,49.0000,3.7700,3.4700,"KB"
44,"333571243982",4,14,52.7000,3.7600,3.6100,"KB"
44,"333571243995",4,14,53.3000,3.8100,3.5200,"KB"
44,"333571244017",4,16,59.8000,3.7400,3.6300,"KB"
44,"333571244020",4,16,57.4000,3.5900,3.6600,"KB"
44,"333571244033",4,16,58.0000,3.6300,3.7000,"KB"
44,"333571244130",4,16,57.8000,3.6100,3.5400,"KB"
44,"333571244143",4,16,60.2000,3.7600,3.7500,"KB"
44,"333571244185",4,14,52.7000,3.7600,3.5000,"KB"
44,"333571244198",4,16,55.6000,3.4800,3.4800,"KB"
44,"333571244208",4,16,56.8000,3.5500,3.5300,"KB"
44,"333571244211",4,16,59.2000,3.7000,3.7500,"KB"
44,"333571244224",4,16,57.4000,3.5900,3.5900,"KB"
44,"333571244237",4,16,56.2000,3.5100,3.5600,"KB"
44,"333571244266",4,18,63.1000,3.5100,2.7600,"KB"
44,"333571244276",2,16,56.2000,3.5100,3.4400,"KB"
44,"333571244282",4,13,49.9000,3.8400,3.5800,"KB"
44,"333571244457",3,12,38.6000,3.2200,2.9200,"KB"
44,"333571244525",3,19,69.1000,3.6400,3.5300,"KB"
44,"333571244541",3,19,67.5000,3.5500,3.5400,"KB"
44,"333571244554",3,19,66.7000,3.5100,3.5100,"KB"
44,"333571244567",3,19,72.4000,3.8100,3.7600,"KB"
44,"333571244570",3,19,61.0000,3.2100,3.2900,"KB"
44,"333571244583",3,19,61.3000,3.2300,3.4000,"KB"
44,"333571244596",3,19,64.0000,3.3700,3.4400,"KB"
44,"333571244606",3,19,65.5000,3.4500,3.3900,"KB"
44,"333571244619",3,19,63.4000,3.3400,3.3700,"KB"
44,"333571244622",3,19,65.5000,3.4500,3.3900,"KB"
44,"333571244635",3,19,70.8000,3.7300,3.6200,"KB"
44,"333571244648",3,19,70.3000,3.7000,3.7300,"KB"
44,"333571244651",3,19,71.2000,3.7500,3.6700,"KB"
44,"333571244664",3,19,70.0000,3.6800,3.6700,"KB"
44,"333571244729",3,16,60.1000,3.7600,3.8500,"KB"
44,"333571244732",3,16,47.7000,2.9800,3.0300,"KB"
44,"333571244758",3,16,54.7000,3.4200,3.6100,"KB"
44,"333571244761",3,16,53.7000,3.3600,3.5700,"KB"
44,"333571244787",3,16,50.4000,3.1500,3.1200,"KB"
44,"333571244790",3,16,50.7000,3.1700,3.2700,"KB"
44,"333571244800",3,16,52.5000,3.2800,3.5000,"KB"
44,"333571244813",3,16,54.9000,3.4300,3.5500,"KB"
44,"333571244826",3,16,46.7000,2.9200,3.2800,"KB"
44,"333571244839",3,16,55.8000,3.4900,3.5600,"KB"
44,"333571244842",3,16,60.5000,3.7800,3.7000,"KB"
44,"333571244855",3,16,46.7000,2.9200,3.1300,"KB"
44,"333571244868",3,19,72.1000,3.7900,3.7100,"KB"
44,"333571244871",3,19,61.6000,3.2400,3.1700,"KB"
44,"333571244897",3,19,67.0000,3.5300,3.6400,"KB"
44,"333571244907",3,19,63.6000,3.3500,3.3200,"KB"
44,"333571244910",3,19,72.1000,3.7900,3.7700,"KB"
44,"333571244923",3,19,68.8000,3.6200,3.6000,"KB"
44,"333571244949",3,19,65.0000,3.4200,3.4300,"KB"
44,"333571244952",3,19,65.5000,3.4500,3.5600,"KB"
44,"333571244965",3,19,63.4000,3.3400,3.3200,"KB"
44,"333571244981",3,19,68.6000,3.6100,3.6700,"KB"
44,"333571244994",2,19,69.5000,3.6600,3.6900,"KB"
44,"333571245003",3,20,75.5000,3.7800,3.7700,"KB"
44,"333571245029",3,20,76.7000,3.8400,3.7600,"KB"
44,"333571245032",3,20,70.9000,3.5500,3.4900,"KB"
44,"333571245058",3,20,70.6000,3.5300,3.6100,"KB"
44,"333571245061",3,20,74.1000,3.7100,3.5600,"KB"
44,"333571245074",3,20,62.3000,3.1200,3.2100,"KB"
44,"333571245090",3,20,75.7000,3.7900,3.6100,"KB"
44,"333571245155",3,20,77.1000,3.8600,3.7900,"KB"
44,"333571245168",3,20,69.7000,3.4900,3.4900,"KB"
44,"333571245171",3,20,76.1000,3.8100,3.8700,"KB"
44,"333571245197",3,20,76.7000,3.8400,3.8000,"KB"
44,"333571245207",3,20,71.1000,3.5600,3.7700,"KB"
44,"333571245210",3,20,73.9000,3.7000,3.7500,"KB"
44,"333571245236",3,12,31.4000,2.6200,2.7200,"KB"
44,"333571245294",3,19,72.7000,3.8300,3.7900,"KB"
44,"333571245304",3,19,72.5000,3.8200,3.7500,"KB"
44,"333571245333",3,20,67.7000,3.3900,3.4900,"KB"
44,"333571245359",3,20,63.2000,3.1600,3.1300,"KB"
44,"333571245362",2,19,68.2000,3.5900,3.4600,"KB"
44,"333571245372",2,16,56.7000,3.5400,3.6600,"KB"
44,"333571245401",3,16,53.0000,3.3100,3.3300,"KB"
44,"333571245595",3,19,70.3000,3.7000,3.7500,"KB"
44,"333571245618",3,19,70.9000,3.7300,3.7100,"KB"
44,"333571245634",3,16,55.3000,3.4600,3.4900,"KB"
44,"333571245650",3,16,48.4000,3.0300,3.1500,"KB"
44,"333571245663",3,16,51.6000,3.2300,3.4300,"KB"
44,"333571245702",3,16,63.1000,3.9400,3.8800,"KB"
44,"333571245731",3,20,67.7000,3.3900,3.2200,"KB"
44,"333571245786",3,20,63.3000,3.1700,3.1700,"KB"
44,"333571245838",3,20,73.1000,3.6600,3.6900,"KB"
44,"333571245883",3,19,62.5000,3.2900,3.3200,"KB"
44,"333571245896",3,19,67.9000,3.5700,3.5800,"KB"
44,"333571245906",3,19,71.9000,3.7800,3.8300,"KB"
44,"333571245919",3,19,69.4000,3.6500,3.7100,"KB"
44,"333571245922",3,19,70.4000,3.7100,3.6800,"KB"
44,"333571245935",3,19,68.2000,3.5900,3.6200,"KB"
44,"333571245948",2,19,72.7000,3.8300,3.4300,"KB"
44,"333571245980",3,19,68.2000,3.5900,3.6800,"KB"
44,"333571245993",3,20,69.0000,3.4500,3.4800,"KB"
44,"333571246002",3,20,72.1000,3.6100,3.5200,"KB"
44,"333571246015",3,20,70.3000,3.5200,3.3000,"KB"
44,"333571246028",3,20,73.3000,3.6700,3.5900,"KB"
44,"333571246057",3,16,55.1000,3.4400,3.5300,"KB"
44,"333571246073",3,16,56.1000,3.5100,3.4600,"KB"
44,"333571246109",3,19,74.5000,3.9200,3.8400,"KB"
44,"333571246293",3,19,67.8000,3.5700,3.5300,"KB"
44,"333571246303",3,19,71.9000,3.7800,3.7500,"KB"
44,"333571246316",3,19,65.8000,3.4600,3.5600,"KB"
44,"333571246329",3,20,66.6000,3.3300,3.4800,"KB"
44,"333571246345",3,19,66.3000,3.4900,3.5800,"KB"
44,"333571246374",3,16,55.6000,3.4800,3.4600,"KB"
44,"333571246439",3,20,70.4000,3.5200,3.5700,"KB"
44,"333571246455",3,19,69.2000,3.6400,3.6500,"KB"
44,"333571246701",3,20,78.8000,3.9400,3.8300,"KB"
44,"333571246714",3,20,77.4000,3.8700,3.8400,"KB"
44,"333571246743",2,20,62.8000,3.1400,3.0400,"KB"
44,"333571246756",2,20,64.8000,3.2400,3.2100,"KB"
44,"333571246769",2,20,71.2000,3.5600,3.5800,"KB"
44,"333571246772",2,20,75.7000,3.7900,3.6900,"KB"
44,"333571246785",2,20,77.3000,3.8700,3.8100,"KB"
44,"333571246798",2,20,68.9000,3.4500,3.5600,"KB"
44,"333571246808",2,20,64.6000,3.2300,3.2200,"KB"
44,"333571246811",2,20,68.0000,3.4000,3.2600,"KB"
44,"333571246824",2,20,63.3000,3.1700,3.2100,"KB"
44,"333571246840",2,20,69.7000,3.4900,3.4100,"KB"
44,"333571246866",2,20,62.3000,3.1200,3.1900,"KB"
44,"333571246879",2,20,66.5000,3.3300,3.3400,"KB"
44,"333571246882",2,20,65.7000,3.2900,3.3600,"KB"
44,"333571246895",2,20,63.7000,3.1900,3.3400,"KB"
44,"333571246918",2,20,70.6000,3.5300,3.6300,"KB"
44,"333571246921",2,20,68.5000,3.4300,3.5700,"KB"
44,"333571246934",2,20,66.5000,3.3300,3.3100,"KB"
44,"333571246947",2,20,70.8000,3.5400,3.5200,"KB"
44,"333571246989",2,20,65.7000,3.2900,3.3300,"KB"
44,"333571246992",2,20,62.8000,3.1400,3.1400,"KB"
44,"333571247030",2,20,69.8000,3.4900,3.4900,"KB"
44,"333571247072",2,20,64.6000,3.2300,3.2500,"KB"
44,"333571247153",2,16,58.9000,3.6800,3.5600,"KB"
44,"333571247166",2,16,51.0000,3.1900,3.1200,"KB"
44,"333571247179",2,16,55.5000,3.4700,3.5100,"KB"
44,"333571247195",2,16,58.6000,3.6600,3.7500,"KB"
44,"333571247218",2,16,54.9000,3.4300,3.2600,"KB"
44,"333571247247",2,16,58.2000,3.6400,3.6600,"KB"
44,"333571247250",2,16,62.2000,3.8900,3.9300,"KB"
44,"333571247263",2,16,57.5000,3.5900,3.5500,"KB"
44,"333571247289",2,16,56.3000,3.5200,3.5400,"KB"
44,"333571247292",2,16,55.7000,3.4800,3.4700,"KB"
44,"333571247302",2,16,57.7000,3.6100,3.6700,"KB"
44,"333571247315",2,16,57.0000,3.5600,3.7100,"KB"
44,"333571247331",2,16,49.0000,3.0600,3.0900,"KB"
44,"333571247360",2,16,56.6000,3.5400,3.5300,"KB"
44,"333571247373",2,16,55.3000,3.4600,3.5900,"KB"
44,"333571247506",2,17,55.9000,3.2900,3.3000,"KB"
44,"333571247519",2,17,57.3000,3.3700,3.5600,"KB"
44,"333571247522",2,17,58.1000,3.4200,3.5800,"KB"
44,"333571247535",2,17,61.5000,3.6200,3.7200,"KB"
44,"333571247548",2,17,58.6000,3.4500,3.3400,"KB"
44,"333571247551",2,17,63.4000,3.7300,3.8100,"KB"
44,"333571247564",2,17,59.6000,3.5100,3.5100,"KB"
44,"333571247577",2,17,52.2000,3.0700,3.1500,"KB"
44,"333571247580",2,17,55.7000,3.2800,3.4300,"KB"
44,"333571247593",2,17,57.9000,3.4100,3.5500,"KB"
44,"333571247603",2,17,58.5000,3.4400,3.3100,"KB"
44,"333571247616",2,17,60.5000,3.5600,3.4800,"KB"
44,"333571247632",2,17,61.3000,3.6100,3.6000,"KB"
44,"333571247645",2,17,62.4000,3.6700,3.4700,"KB"
44,"333571247658",2,17,53.8000,3.1600,3.1100,"KB"
44,"333571247661",2,17,63.3000,3.7200,3.7500,"KB"
44,"333571247687",2,17,60.9000,3.5800,3.5100,"KB"
44,"333571247690",2,17,57.7000,3.3900,3.4100,"KB"
44,"333571247700",2,17,63.4000,3.7300,3.7200,"KB"
44,"333571247713",2,17,54.8000,3.2200,3.1400,"KB"
44,"333571247739",2,17,60.8000,3.5800,3.7000,"KB"
44,"333571247771",2,17,60.1000,3.5400,3.5800,"KB"
44,"333571247797",2,17,63.1000,3.7100,3.5300,"KB"
44,"333571247810",2,17,56.1000,3.3000,3.3500,"KB"
44,"333571247823",2,17,51.4000,3.0200,2.9900,"KB"
44,"333571247836",2,17,54.7000,3.2200,3.1800,"KB"
44,"333571247849",2,17,56.1000,3.3000,3.1600,"KB"
44,"333571247852",2,17,54.8000,3.2200,3.3500,"KB"
44,"333571247865",2,17,56.9000,3.3500,3.3600,"KB"
44,"333571247878",2,17,50.5000,2.9700,3.0800,"KB"
44,"333571247881",2,17,57.5000,3.3800,3.4500,"KB"
44,"333571247894",2,17,56.6000,3.3300,3.4100,"KB"
44,"333571247904",2,15,59.4000,3.9600,3.8300,"KB"
44,"333571247917",2,15,51.5000,3.4300,3.4000,"KB"
44,"333571247933",2,15,55.8000,3.7200,3.6200,"KB"
44,"333571247946",2,15,51.8000,3.4500,3.5100,"KB"
44,"333571247962",2,15,48.2000,3.2100,3.1900,"KB"
44,"333571247975",2,15,52.1000,3.4700,3.5300,"KB"
44,"333571247988",2,15,50.5000,3.3700,3.3200,"KB"
44,"333571248000",2,15,48.6000,3.2400,3.1600,"KB"
44,"333571248013",2,15,50.2000,3.3500,3.4000,"KB"
44,"333571248026",2,15,46.5000,3.1000,3.1500,"KB"
44,"333571248042",2,15,56.5000,3.7700,3.7500,"KB"
44,"333571248055",2,15,54.2000,3.6100,3.7100,"KB"
44,"333571248071",2,15,50.6000,3.3700,3.4700,"KB"
44,"333571248084",2,15,55.8000,3.7200,3.6000,"KB"
44,"333571248107",2,19,54.7000,2.8800,2.8900,"KB"
44,"333571248123",2,20,68.9000,3.4500,3.5100,"KB"
44,"333571248178",2,20,67.2000,3.3600,3.5400,"KB"
44,"333571248181",2,20,60.1000,3.0100,3.2300,"KB"
44,"333571248288",2,17,55.3000,3.2500,3.3400,"KB"
44,"333571248291",2,16,61.6000,3.8500,3.7000,"KB"
44,"333571248301",2,17,61.9000,3.6400,3.6800,"KB"
44,"333571248314",2,20,74.4000,3.7200,3.6000,"KB"
44,"333571248330",2,15,44.7000,2.9800,2.8100,"KB"
44,"333571248372",2,17,57.1000,3.3600,3.1900,"KB"
44,"333571248385",2,20,67.4000,3.3700,3.2900,"KB"
44,"333571248398",2,17,59.7000,3.5100,3.5100,"KB"
44,"333571248408",2,17,56.3000,3.3100,3.2900,"KB"
44,"333571248411",2,15,49.4000,3.2900,3.3500,"KB"
44,"333571248534",2,17,60.1000,3.5400,3.3600,"KB"
44,"333571249407",1,12,44.4000,3.7000,3.7000,"KB"
45,"333451244386",3,19,63.6000,3.3500,3.5100,"KB"
45,"333521209099",1,18,62.5000,3.4700,3.4700,"KB"
45,"333531249117",5,17,65.3000,3.8400,3.7800,"KB"
45,"333571232630",1,12,43.6000,3.6300,3.6300,"KB"
45,"333571240147",6,6,16.8000,2.8000,3.2000,"KBTG"
45,"333571242802",5,17,50.1000,2.9500,3.2300,"KB"
45,"333571242815",5,17,53.1000,3.1200,3.3500,"KB"
45,"333571242828",5,17,53.4000,3.1400,3.4300,"KB"
45,"333571242844",5,17,61.7000,3.6300,3.6800,"KB"
45,"333571242886",5,17,57.3000,3.3700,3.5100,"KB"
45,"333571242899",5,17,60.1000,3.5400,3.6700,"KB"
45,"333571242912",5,17,55.0000,3.2400,3.4100,"KB"
45,"333571242925",5,17,60.5000,3.5600,3.6000,"KB"
45,"333571242938",5,17,56.2000,3.3100,3.4400,"KB"
45,"333571242941",5,17,51.5000,3.0300,3.2800,"KB"
45,"333571242954",5,17,59.3000,3.4900,3.5800,"KB"
45,"333571242967",5,17,56.8000,3.3400,3.5300,"KB"
45,"333571242983",5,17,48.5000,2.8500,3.3000,"KB"
45,"333571242996",5,17,57.1000,3.3600,3.4600,"KB"
45,"333571243005",5,17,58.4000,3.4400,3.5500,"KB"
45,"333571243018",5,17,52.6000,3.0900,3.3600,"KB"
45,"333571243092",5,18,67.0000,3.7200,3.5000,"KB"
45,"333571243115",5,18,63.7000,3.5400,3.6000,"KB"
45,"333571243128",5,18,64.4000,3.5800,3.6600,"KB"
45,"333571243131",5,18,64.9000,3.6100,3.7300,"KB"
45,"333571243144",5,18,67.9000,3.7700,3.4900,"KB"
45,"333571243157",5,18,65.3000,3.6300,3.4900,"KB"
45,"333571243160",5,18,59.3000,3.2900,3.1500,"KB"
45,"333571243173",5,18,62.0000,3.4400,3.3900,"KB"
45,"333571243186",5,18,66.8000,3.7100,3.6100,"KB"
45,"333571243199",5,18,63.2000,3.5100,3.2800,"KB"
45,"333571243225",5,18,64.0000,3.5600,3.6600,"KB"
45,"333571243254",5,18,68.5000,3.8100,3.7700,"KB"
45,"333571243267",5,19,74.2000,3.9100,3.7000,"KB"
45,"333571243270",5,19,64.1000,3.3700,3.3600,"KB"
45,"333571243283",5,19,71.7000,3.7700,3.6300,"KB"
45,"333571243296",5,19,62.9000,3.3100,3.4200,"KB"
45,"333571243319",5,17,65.1000,3.8300,3.5400,"KB"
45,"333571243322",5,17,63.5000,3.7400,3.3400,"KB"
45,"333571243348",5,17,64.4000,3.7900,3.7900,"KB"
45,"333571243429",5,17,58.2000,3.4200,3.5700,"KB"
45,"333571243432",5,17,53.1000,3.1200,3.3300,"KB"
45,"333571243445",5,18,64.8000,3.6000,3.6700,"KB"
45,"333571243513",5,19,70.1000,3.6900,3.5700,"KB"
45,"333571243542",5,17,50.9000,2.9900,3.2900,"KB"
45,"333571243597",5,18,67.1000,3.7300,3.6400,"KB"
45,"333571243607",5,19,66.2000,3.4800,3.5000,"KB"
45,"333571243610",5,17,63.2000,3.7200,3.5000,"KB"
45,"333571243665",5,17,59.0000,3.4700,3.5400,"KB"
45,"333571243681",5,18,67.0000,3.7200,3.5600,"KB"
45,"333571243694",5,18,63.2000,3.5100,3.5500,"KB"
45,"333571243704",5,19,66.5000,3.5000,3.5900,"KB"
45,"333571243720",5,19,73.6000,3.8700,3.7000,"KB"
45,"333571243762",5,19,69.1000,3.6400,3.6600,"KB"
45,"333571243775",5,17,64.7000,3.8100,3.7900,"KB"
45,"333571243801",5,17,52.8000,3.1100,3.4000,"KB"
45,"333571243814",5,18,64.5000,3.5800,3.5900,"KB"
45,"333571243827",5,18,61.4000,3.4100,3.5100,"KB"
45,"333571243830",5,19,66.9000,3.5200,3.3700,"KB"
45,"333571243843",5,19,65.3000,3.4400,3.5000,"KB"
45,"333571243856",5,19,68.5000,3.6100,3.7200,"KB"
45,"333571243869",5,17,64.1000,3.7700,3.5300,"KB"
45,"333571243982",5,18,67.9000,3.7700,3.6400,"KB"
45,"333571243995",5,18,67.6000,3.7600,3.5700,"KB"
45,"333571244017",5,19,73.5000,3.8700,3.6900,"KB"
45,"333571244020",5,19,73.6000,3.8700,3.7100,"KB"
45,"333571244033",5,19,72.7000,3.8300,3.7300,"KB"
45,"333571244130",5,19,68.6000,3.6100,3.5600,"KB"
45,"333571244143",5,19,73.8000,3.8800,3.7800,"KB"
45,"333571244185",5,18,62.3000,3.4600,3.4900,"KB"
45,"333571244198",5,19,69.3000,3.6500,3.5200,"KB"
45,"333571244208",5,17,55.3000,3.2500,3.4700,"KB"
45,"333571244211",5,19,69.7000,3.6700,3.7300,"KB"
45,"333571244224",5,19,71.4000,3.7600,3.6300,"KB"
45,"333571244237",5,19,71.0000,3.7400,3.6000,"KB"
45,"333571244266",5,17,62.9000,3.7000,2.9500,"KB"
45,"333571244276",3,19,71.7000,3.7700,3.5800,"KB"
45,"333571244282",5,17,59.9000,3.5200,3.5700,"KB"
45,"333571244457",4,9,22.3000,2.4800,2.8500,"KBTG"
45,"333571244525",4,16,58.4000,3.6500,3.5600,"KB"
45,"333571244541",4,16,56.0000,3.5000,3.5300,"KB"
45,"333571244554",4,16,57.6000,3.6000,3.5300,"KB"
45,"333571244567",4,16,59.6000,3.7300,3.7500,"KB"
45,"333571244570",4,16,56.0000,3.5000,3.3400,"KB"
45,"333571244583",4,16,59.6000,3.7300,3.4800,"KB"
45,"333571244596",4,16,56.0000,3.5000,3.4500,"KB"
45,"333571244606",4,16,58.8000,3.6800,3.4600,"KB"
45,"333571244619",4,16,57.6000,3.6000,3.4300,"KB"
45,"333571244622",4,16,58.8000,3.6800,3.4600,"KB"
45,"333571244635",4,16,59.6000,3.7300,3.6400,"KB"
45,"333571244648",4,16,62.8000,3.9300,3.7800,"KB"
45,"333571244651",4,16,58.6000,3.6600,3.6700,"KB"
45,"333571244664",4,16,58.4000,3.6500,3.6700,"KB"
45,"333571244729",4,14,56.0000,4.0000,3.8800,"KB"
45,"333571244732",4,14,48.2000,3.4400,3.1300,"KB"
45,"333571244758",4,14,53.3000,3.8100,3.6500,"KB"
45,"333571244761",4,14,51.1000,3.6500,3.5900,"KB"
45,"333571244787",4,14,47.6000,3.4000,3.1900,"KB"
45,"333571244790",4,14,50.5000,3.6100,3.3500,"KB"
45,"333571244800",4,14,50.3000,3.5900,3.5200,"KB"
45,"333571244813",4,14,53.2000,3.8000,3.6100,"KB"
45,"333571244826",4,14,50.9000,3.6400,3.3700,"KB"
45,"333571244839",4,14,51.0000,3.6400,3.5800,"KB"
45,"333571244842",4,14,53.9000,3.8500,3.7300,"KB"
45,"333571244855",4,14,47.6000,3.4000,3.1900,"KB"
45,"333571244868",4,16,55.8000,3.4900,3.6600,"KB"
45,"333571244871",4,16,49.4000,3.0900,3.1500,"KB"
45,"333571244897",4,16,47.6000,2.9800,3.4800,"KB"
45,"333571244907",4,16,54.6000,3.4100,3.3400,"KB"
45,"333571244910",4,16,60.2000,3.7600,3.7700,"KB"
45,"333571244923",4,16,61.0000,3.8100,3.6500,"KB"
45,"333571244949",4,16,50.0000,3.1300,3.3600,"KB"
45,"333571244952",4,16,60.2000,3.7600,3.6100,"KB"
45,"333571244965",4,16,55.8000,3.4900,3.3600,"KB"
45,"333571244981",4,16,55.6000,3.4800,3.6200,"KB"
45,"333571244994",3,20,76.7000,3.8400,3.7400,"KB"
45,"333571245003",4,13,50.0000,3.8500,3.7800,"KB"
45,"333571245029",4,13,51.4000,3.9500,3.8000,"KB"
45,"333571245032",4,13,46.2000,3.5500,3.5000,"KB"
45,"333571245058",4,13,47.3000,3.6400,3.6200,"KB"
45,"333571245061",4,13,49.1000,3.7800,3.6000,"KB"
45,"333571245074",4,13,41.7000,3.2100,3.2100,"KB"
45,"333571245090",4,13,48.8000,3.7500,3.6400,"KB"
45,"333571245155",4,13,49.6000,3.8200,3.7900,"KB"
45,"333571245168",4,13,47.6000,3.6600,3.5200,"KB"
45,"333571245171",4,13,52.0000,4.0000,3.8900,"KB"
45,"333571245197",4,13,52.0000,4.0000,3.8400,"KB"
45,"333571245207",4,13,50.5000,3.8800,3.7900,"KB"
45,"333571245210",4,13,49.1000,3.7800,3.7600,"KB"
45,"333571245236",4,13,31.5000,2.4200,2.6500,"KBTG"
45,"333571245294",4,16,62.2000,3.8900,3.8100,"KB"
45,"333571245304",4,16,61.6000,3.8500,3.7800,"KB"
45,"333571245333",4,13,42.0000,3.2300,3.4400,"KB"
45,"333571245359",4,13,46.6000,3.5800,3.2100,"KB"
45,"333571245362",3,20,70.4000,3.5200,3.4800,"KB"
45,"333571245372",3,19,70.0000,3.6800,3.6700,"KB"
45,"333571245401",4,14,50.3000,3.5900,3.4000,"KB"
45,"333571245595",4,16,58.6000,3.6600,3.7300,"KB"
45,"333571245618",4,16,57.0000,3.5600,3.6700,"KB"
45,"333571245634",4,14,51.9000,3.7100,3.5400,"KB"
45,"333571245650",4,14,51.9000,3.7100,3.2800,"KB"
45,"333571245663",4,14,52.2000,3.7300,3.5000,"KB"
45,"333571245702",4,14,56.0000,4.0000,3.9100,"KB"
45,"333571245731",4,13,47.5000,3.6500,3.3000,"KB"
45,"333571245786",4,13,45.2000,3.4800,3.2300,"KB"
45,"333571245838",4,13,50.6000,3.8900,3.7300,"KB"
45,"333571245883",4,16,46.8000,2.9300,3.2300,"KB"
45,"333571245896",4,16,56.0000,3.5000,3.5600,"KB"
45,"333571245906",4,16,60.2000,3.7600,3.8100,"KB"
45,"333571245919",4,16,58.0000,3.6300,3.6900,"KB"
45,"333571245922",4,16,61.4000,3.8400,3.7200,"KB"
45,"333571245935",4,16,55.2000,3.4500,3.5800,"KB"
45,"333571245948",3,20,76.4000,3.8200,3.5700,"KB"
45,"333571245980",4,16,59.2000,3.7000,3.6900,"KB"
45,"333571245993",4,13,45.6000,3.5100,3.4800,"KB"
45,"333571246002",4,13,50.5000,3.8800,3.5900,"KB"
45,"333571246015",4,13,49.6000,3.8200,3.4000,"KB"
45,"333571246028",4,13,50.6000,3.8900,3.6500,"KB"
45,"333571246057",4,14,51.9000,3.7100,3.5700,"KB"
45,"333571246073",4,14,53.3000,3.8100,3.5400,"KB"
45,"333571246109",4,16,58.0000,3.6300,3.7900,"KB"
45,"333571246293",4,16,57.6000,3.6000,3.5500,"KB"
45,"333571246303",4,16,60.4000,3.7800,3.7600,"KB"
45,"333571246316",4,16,59.2000,3.7000,3.5900,"KB"
45,"333571246329",4,13,48.2000,3.7100,3.5300,"KB"
45,"333571246345",4,16,58.8000,3.6800,3.6000,"KB"
45,"333571246374",4,14,49.2000,3.5100,3.4700,"KB"
45,"333571246439",4,13,49.6000,3.8200,3.6200,"KB"
45,"333571246455",4,16,57.4000,3.5900,3.6300,"KB"
45,"333571246701",4,13,50.0000,3.8500,3.8300,"KB"
45,"333571246714",4,13,52.0000,4.0000,3.8700,"KB"
45,"333571246743",3,0,0.0000,0.0000,3.0400,"KB"
45,"333571246756",3,0,0.0000,0.0000,3.2100,"KB"
45,"333571246769",3,0,0.0000,0.0000,3.5800,"KB"
45,"333571246772",3,0,0.0000,0.0000,3.6900,"KB"
45,"333571246785",3,0,0.0000,0.0000,3.8100,"KB"
45,"333571246798",3,0,0.0000,0.0000,3.5600,"KB"
45,"333571246808",3,0,0.0000,0.0000,3.2200,"KB"
45,"333571246811",3,0,0.0000,0.0000,3.2600,"KB"
45,"333571246824",3,0,0.0000,0.0000,3.2100,"KB"
45,"333571246840",3,0,0.0000,0.0000,3.4100,"KB"
45,"333571246866",3,0,0.0000,0.0000,3.1900,"KB"
45,"333571246879",3,0,0.0000,0.0000,3.3400,"KB"
45,"333571246882",3,0,0.0000,0.0000,3.3600,"KB"
45,"333571246895",3,17,50.7000,2.9800,3.2300,"KB"
45,"333571246918",3,17,58.8000,3.4600,3.5800,"KB"
45,"333571246921",3,17,54.5000,3.2100,3.4600,"KB"
45,"333571246934",3,17,50.0000,2.9400,3.2000,"KB"
45,"333571246947",3,17,54.3000,3.1900,3.4200,"KB"
45,"333571246989",3,17,53.1000,3.1200,3.2700,"KB"
45,"333571246992",3,17,50.8000,2.9900,3.1000,"KB"
45,"333571247030",3,17,54.3000,3.1900,3.4000,"KB"
45,"333571247072",3,17,49.2000,2.8900,3.1400,"KB"
45,"333571247153",3,19,69.7000,3.6700,3.6100,"KB"
45,"333571247166",3,19,57.3000,3.0200,3.0800,"KB"
45,"333571247179",3,19,72.5000,3.8200,3.6400,"KB"
45,"333571247195",3,19,71.4000,3.7600,3.7600,"KB"
45,"333571247218",3,19,67.5000,3.5500,3.3800,"KB"
45,"333571247247",3,19,74.8000,3.9400,3.7700,"KB"
45,"333571247250",3,19,73.9000,3.8900,3.9100,"KB"
45,"333571247263",3,19,66.7000,3.5100,3.5300,"KB"
45,"333571247289",3,19,70.5000,3.7100,3.6100,"KB"
45,"333571247292",3,19,65.8000,3.4600,3.4700,"KB"
45,"333571247302",3,19,72.4000,3.8100,3.7300,"KB"
45,"333571247315",3,19,74.2000,3.9100,3.7900,"KB"
45,"333571247331",3,19,58.2000,3.0600,3.0800,"KB"
45,"333571247344",2,16,60.0000,3.7500,3.6000,"KB"
45,"333571247360",3,19,67.6000,3.5600,3.5400,"KB"
45,"333571247373",3,19,69.6000,3.6600,3.6200,"KB"
45,"333571247506",3,16,50.9000,3.1800,3.2600,"KB"
45,"333571247519",3,16,50.8000,3.1800,3.4300,"KB"
45,"333571247522",3,16,53.5000,3.3400,3.5000,"KB"
45,"333571247535",3,16,59.2000,3.7000,3.7200,"KB"
45,"333571247548",3,16,50.1000,3.1300,3.2700,"KB"
45,"333571247551",3,16,60.3000,3.7700,3.7900,"KB"
45,"333571247564",3,16,52.8000,3.3000,3.4400,"KB"
45,"333571247580",3,16,53.8000,3.3600,3.4000,"KB"
45,"333571247593",3,16,51.2000,3.2000,3.4300,"KB"
45,"333571247603",3,16,54.5000,3.4100,3.3500,"KB"
45,"333571247616",3,16,56.9000,3.5600,3.5100,"KB"
45,"333571247632",3,16,58.9000,3.6800,3.6300,"KB"
45,"333571247645",3,16,54.0000,3.3800,3.4400,"KB"
45,"333571247658",3,16,51.3000,3.2100,3.1400,"KB"
45,"333571247661",3,16,57.9000,3.6200,3.7000,"KB"
45,"333571247687",3,16,55.0000,3.4400,3.4800,"KB"
45,"333571247690",3,16,51.6000,3.2300,3.3500,"KB"
45,"333571247700",3,16,57.5000,3.5900,3.6700,"KB"
45,"333571247713",3,16,50.5000,3.1600,3.1500,"KB"
45,"333571247739",3,16,56.9000,3.5600,3.6500,"KB"
45,"333571247771",3,16,60.3000,3.7700,3.6500,"KB"
45,"333571247797",3,16,50.0000,3.1300,3.3900,"KB"
45,"333571247810",3,16,49.4000,3.0900,3.2600,"KB"
45,"333571247823",3,16,41.0000,2.5600,2.8400,"KB"
45,"333571247836",3,16,49.8000,3.1100,3.1600,"KB"
45,"333571247849",3,16,47.5000,2.9700,3.0900,"KB"
45,"333571247852",3,16,49.1000,3.0700,3.2500,"KB"
45,"333571247865",3,16,49.8000,3.1100,3.2800,"KB"
45,"333571247878",3,16,48.4000,3.0300,3.0600,"KB"
45,"333571247881",3,16,53.9000,3.3700,3.4200,"KB"
45,"333571247894",3,16,55.6000,3.4800,3.4300,"KB"
45,"333571247904",3,19,73.9000,3.8900,3.8500,"KB"
45,"333571247917",3,19,65.3000,3.4400,3.4100,"KB"
45,"333571247933",3,19,71.8000,3.7800,3.6800,"KB"
45,"333571247946",3,19,71.2000,3.7500,3.6000,"KB"
45,"333571247962",3,19,63.2000,3.3300,3.2400,"KB"
45,"333571247975",3,19,66.5000,3.5000,3.5200,"KB"
45,"333571247988",3,19,68.3000,3.5900,3.4300,"KB"
45,"333571248000",3,19,67.9000,3.5700,3.3200,"KB"
45,"333571248013",3,19,67.3000,3.5400,3.4500,"KB"
45,"333571248026",3,19,65.6000,3.4500,3.2700,"KB"
45,"333571248042",3,19,70.3000,3.7000,3.7300,"KB"
45,"333571248055",3,19,69.2000,3.6400,3.6800,"KB"
45,"333571248071",3,19,67.5000,3.5500,3.5000,"KB"
45,"333571248084",3,19,72.7000,3.8300,3.6900,"KB"
45,"333571248107",3,20,57.1000,2.8600,2.8800,"KB"
45,"333571248123",3,17,58.3000,3.4300,3.4900,"KB"
45,"333571248178",3,17,50.8000,2.9900,3.3700,"KB"
45,"333571248181",3,17,44.3000,2.6100,3.0400,"KB"
45,"333571248288",3,16,51.9000,3.2400,3.3000,"KB"
45,"333571248291",3,19,73.4000,3.8600,3.7600,"KB"
45,"333571248301",3,16,57.5000,3.5900,3.6500,"KB"
45,"333571248314",3,0,0.0000,0.0000,3.6000,"KB"
45,"333571248330",3,19,61.6000,3.2400,2.9700,"KB"
45,"333571248372",3,16,51.0000,3.1900,3.1900,"KB"
45,"333571248385",3,0,0.0000,0.0000,3.2900,"KB"
45,"333571248398",3,16,49.5000,3.0900,3.3700,"KB"
45,"333571248408",3,16,52.2000,3.2600,3.2800,"KB"
45,"333571248411",3,19,69.8000,3.6700,3.4800,"KB"
45,"333571248534",3,16,57.3000,3.5800,3.4300,"KB"
45,"333571248547",3,19,58.9000,3.1000,3.1800,"KB"
45,"333571248550",3,19,68.9000,3.6300,3.4200,"KB"
45,"333571248576",3,19,70.3000,3.7000,3.5800,"KB"
45,"333571248602",3,19,73.3000,3.8600,3.7500,"KB"
45,"333571248631",3,19,67.9000,3.5700,3.5300,"KB"
45,"333571248657",3,20,68.9000,3.4500,3.4600,"KB"
45,"333571248673",3,16,56.3000,3.5200,3.5200,"KB"
45,"333571248686",3,20,71.0000,3.5500,3.6000,"KB"
45,"333571248738",2,20,60.1000,3.0100,3.2900,"KB"
45,"333571248754",2,20,52.1000,2.6100,2.9400,"KB"
45,"333571248819",2,20,66.1000,3.3100,3.5400,"KB"
45,"333571248822",2,13,34.0000,2.6200,2.6700,"KB"
45,"333571248835",2,20,64.8000,3.2400,3.4100,"KB"
45,"333571248848",2,20,58.2000,2.9100,3.3100,"KB"
45,"333571248851",2,20,56.6000,2.8300,3.2200,"KB"
45,"333571248893",2,20,63.0000,3.1500,3.3900,"KB"
45,"333571248916",2,20,66.7000,3.3400,3.5300,"KB"
45,"333571248932",2,20,50.7000,2.5400,2.9000,"KB"
45,"333571249012",2,20,73.9000,3.7000,3.8000,"KB"
45,"333571249038",2,20,54.4000,2.7200,2.9600,"KB"
45,"333571249067",2,20,65.7000,3.2900,3.3800,"KB"
45,"333571249083",2,20,64.3000,3.2200,3.3800,"KB"
45,"333571249148",2,20,48.1000,2.4100,2.9400,"KB"
45,"333571249177",2,16,54.9000,3.4300,3.5100,"KB"
45,"333571249180",2,16,58.4000,3.6500,3.5700,"KB"
45,"333571249193",2,16,59.6000,3.7300,3.8400,"KB"
45,"333571249211",2,0,0.0000,0.0000,3.1700,"KB"
45,"333571249216",2,19,74.6000,3.9300,3.9400,"KB"
45,"333571249229",2,16,54.9000,3.4300,3.5300,"KB"
45,"333571249232",2,16,57.1000,3.5700,3.6300,"KB"
45,"333571249245",2,16,54.9000,3.4300,3.4200,"KB"
45,"333571249258",2,16,52.3000,3.2700,3.1700,"KB"
45,"333571249261",2,16,54.9000,3.4300,3.5400,"KB"
45,"333571249274",2,16,55.1000,3.4400,3.3700,"KB"
45,"333571249287",2,16,55.1000,3.4400,3.4400,"KB"
45,"333571249313",2,16,57.9000,3.6200,3.7300,"KB"
45,"333571249339",2,16,55.9000,3.4900,3.6300,"KB"
45,"333571249342",2,16,57.4000,3.5900,3.6100,"KB"
45,"333571249368",2,16,60.2000,3.7600,3.7100,"KB"
45,"333571249384",2,16,58.3000,3.6400,3.6900,"KB"
45,"333571249397",2,16,57.2000,3.5800,3.5500,"KB"
45,"333571249407",2,16,55.9000,3.4900,3.5800,"KB"
45,"333571249410",2,16,59.6000,3.7300,3.5300,"KB"
45,"333571249423",2,16,55.8000,3.4900,3.5100,"KB"
45,"333571249436",2,16,58.0000,3.6300,3.5500,"KB"
45,"333571249449",2,16,53.6000,3.3500,3.3400,"KB"
45,"333571249452",2,16,59.6000,3.7300,3.6000,"KB"
45,"333571249465",2,16,55.9000,3.4900,3.5900,"KB"
45,"333571249478",2,16,53.1000,3.3200,3.5000,"KB"
45,"333571249481",2,16,56.5000,3.5300,3.6600,"KB"
45,"333571249494",2,16,45.1000,2.8200,2.9500,"KB"
45,"333571249504",2,16,51.6000,3.2300,3.2900,"KB"
45,"333571249517",2,16,56.0000,3.5000,3.4100,"KB"
45,"333571249520",2,16,57.9000,3.6200,3.5600,"KB"
45,"333571249533",2,16,60.8000,3.8000,3.8100,"KB"
45,"333571249546",2,16,52.3000,3.2700,3.1700,"KB"
45,"333571249559",2,16,55.2000,3.4500,3.6000,"KB"
45,"333571249562",2,16,59.9000,3.7400,3.7000,"KB"
45,"333571249575",2,16,56.0000,3.5000,3.4100,"KB"
45,"333571249588",2,16,51.7000,3.2300,3.2900,"KB"
45,"333571249591",2,0,0.0000,0.0000,3.1300,"KB"
45,"333571249601",2,0,0.0000,0.0000,3.4500,"KB"
45,"333571249614",2,0,0.0000,0.0000,3.7100,"KB"
45,"333571249627",2,0,0.0000,0.0000,3.9700,"KB"
45,"333571249630",2,0,0.0000,0.0000,3.5100,"KB"
45,"333571249643",2,0,0.0000,0.0000,3.4100,"KB"
45,"333571249656",2,0,0.0000,0.0000,2.9400,"KB"
45,"333571249669",2,0,0.0000,0.0000,3.3300,"KB"
45,"333571249672",2,0,0.0000,0.0000,3.7700,"KB"
45,"333571249685",2,0,0.0000,0.0000,3.3700,"KB"
45,"333571249698",2,0,0.0000,0.0000,3.3800,"KB"
45,"333571249708",2,0,0.0000,0.0000,3.6200,"KB"
45,"333571249724",2,0,0.0000,0.0000,3.2600,"KB"
45,"333571249737",2,0,0.0000,0.0000,2.9400,"KB"
45,"333571249740",2,0,0.0000,0.0000,3.4200,"KB"
45,"333571249766",2,0,0.0000,0.0000,3.5100,"KB"
45,"333571249779",2,0,0.0000,0.0000,3.4600,"KB"
45,"333571249782",2,0,0.0000,0.0000,3.2100,"KB"
45,"333571249795",2,0,0.0000,0.0000,3.4100,"KB"
45,"333571249805",2,17,53.8000,3.1600,3.2800,"KB"
45,"333571249818",2,17,62.8000,3.6900,3.7700,"KB"
45,"333571249834",2,17,64.0000,3.7600,3.8700,"KB"
45,"333571249892",2,17,62.0000,3.6500,3.7400,"KB"
45,"333571249902",2,17,63.4000,3.7300,3.7900,"KB"
45,"333571249915",2,17,62.8000,3.6900,3.6200,"KB"
45,"333571249928",2,17,59.2000,3.4800,3.5800,"KB"
45,"333571249931",2,17,62.0000,3.6500,3.7800,"KB"
45,"333571249944",2,17,59.0000,3.4700,3.6800,"KB"
45,"333571249957",2,17,56.8000,3.3400,3.5900,"KB"
45,"333571249960",2,17,58.8000,3.4600,3.5700,"KB"
45,"333571249986",2,17,58.4000,3.4400,3.4500,"KB"
45,"333571249999",2,17,63.2000,3.7200,3.7300,"KB"
45,"333571250001",2,17,61.4000,3.6100,3.7800,"KB"
45,"333571250014",2,17,54.0000,3.1800,3.4700,"KB"
45,"333571250030",2,15,53.1000,3.5400,3.4900,"KB"
45,"333571250043",2,15,53.9000,3.5900,3.6000,"KB"
45,"333571250069",2,15,51.8000,3.4500,3.4900,"KB"
45,"333571250072",2,15,51.2000,3.4100,3.4100,"KB"
45,"333571250085",2,15,53.5000,3.5700,3.5600,"KB"
45,"333571250098",2,15,50.6000,3.3700,3.4600,"KB"
45,"333571250108",2,15,55.6000,3.7100,3.5900,"KB"
45,"333571250111",2,15,53.8000,3.5900,3.5600,"KB"
45,"333571250124",2,15,48.6000,3.2400,3.3500,"KB"
45,"333571250137",2,15,55.9000,3.7300,3.6700,"KB"
45,"333571250140",2,15,56.7000,3.7800,3.7200,"KB"
45,"333571250153",2,15,48.3000,3.2200,3.3100,"KB"
45,"333571250166",2,15,46.6000,3.1100,3.0700,"KB"
45,"333571250179",2,15,53.3000,3.5500,3.4300,"KB"
45,"333571250182",2,15,47.9000,3.1900,3.2000,"KB"
45,"333571250218",2,15,49.6000,3.3100,3.3100,"KB"
45,"333571250221",2,15,51.5000,3.4300,3.3900,"KB"
45,"333571250234",2,15,56.8000,3.7900,3.7300,"KB"
45,"333571250250",2,15,53.2000,3.5500,3.5600,"KB"
45,"333571250263",2,15,48.6000,3.2400,3.3200,"KB"
45,"333571250276",2,15,47.6000,3.1700,3.1300,"KB"
45,"333571250289",2,15,51.2000,3.4100,3.3700,"KB"
45,"333571250292",2,15,56.5000,3.7700,3.6900,"KB"
45,"333571250302",2,15,55.5000,3.7000,3.5900,"KB"
45,"333571250315",2,15,56.8000,3.7900,3.7500,"KB"
45,"333571250328",2,15,55.4000,3.6900,3.6500,"KB"
45,"333571250331",2,15,55.3000,3.6900,3.6100,"KB"
45,"333571250360",2,15,58.8000,3.9200,3.8500,"KB"
45,"333571250399",2,15,47.1000,3.1400,3.3200,"KB"
45,"333571250412",2,15,47.7000,3.1800,3.2100,"KB"
45,"333571250425",2,15,52.7000,3.5100,3.5400,"KB"
45,"333571250470",2,15,53.9000,3.5900,3.5000,"KB"
45,"333571250483",2,19,67.3000,3.5400,3.6200,"KB"
45,"333571250496",2,19,65.3000,3.4400,3.4400,"KB"
45,"333571250519",2,19,69.3000,3.6500,3.7900,"KB"
45,"333571250522",2,19,65.0000,3.4200,3.4800,"KB"
45,"333571250535",2,19,72.4000,3.8100,3.8000,"KB"
45,"333571250548",2,19,53.8000,2.8300,2.7400,"KB"
45,"333571250551",2,19,65.4000,3.4400,3.5500,"KB"
45,"333571250564",2,19,63.5000,3.3400,3.4000,"KB"
45,"333571250577",2,19,71.3000,3.7500,3.7600,"KB"
45,"333571250580",2,19,76.0000,4.0000,4.0000,"KB"
45,"333571250632",2,19,75.4000,3.9700,3.8600,"KB"
45,"333571250726",2,19,66.4000,3.4900,3.6400,"KB"
45,"333571250739",2,19,76.0000,4.0000,4.0000,"KB"
45,"333571250755",2,19,65.3000,3.4400,3.5600,"KB"
45,"333571250771",2,19,55.1000,2.9000,3.1000,"KB"
45,"333571250823",2,19,57.1000,3.0100,2.9800,"KB"
45,"333571250836",2,19,71.0000,3.7400,3.7900,"KB"
45,"333571250852",2,19,69.5000,3.6600,3.7900,"KB"
45,"333571250865",2,19,68.4000,3.6000,3.7600,"KB"
45,"333571250878",2,19,61.1000,3.2200,3.3100,"KB"
45,"333571250881",2,19,71.6000,3.7700,3.7900,"KB"
45,"333571250894",2,19,76.0000,4.0000,4.0000,"KB"
45,"333571250946",2,19,71.6000,3.7700,3.8500,"KB"
45,"333571250962",2,19,73.1000,3.8500,3.7400,"KB"
45,"333571251039",2,19,71.9000,3.7800,3.7600,"KB"
45,"333571251068",2,20,63.8000,3.1900,3.4300,"KB"
45,"333571251071",2,20,61.9000,3.1000,3.2700,"KB"
45,"333571251084",2,20,64.7000,3.2400,3.3600,"KB"
45,"333571251107",2,16,54.5000,3.4100,3.4300,"KB"
45,"333571251123",2,16,59.6000,3.7300,3.7000,"KB"
45,"333571251149",2,16,49.4000,3.0900,3.1800,"KB"
45,"333571251152",2,17,52.0000,3.0600,3.2500,"KB"
45,"333571251165",2,17,59.4000,3.4900,3.6100,"KB"
45,"333571251178",2,15,49.4000,3.2900,3.3800,"KB"
45,"333571251181",2,15,47.8000,3.1900,3.2100,"KB"
45,"333571251204",2,19,69.7000,3.6700,3.7100,"KB"
45,"333571251233",2,19,64.3000,3.3800,3.5200,"KB"
45,"333571251262",2,20,63.9000,3.2000,3.4300,"KB"
45,"333571251288",2,20,64.4000,3.2200,3.4800,"KB"
45,"333571251291",2,15,47.9000,3.1900,3.1000,"KB"
45,"333571251301",2,16,52.6000,3.2900,3.2800,"KB"
45,"333571251314",2,20,65.9000,3.3000,3.5200,"KB"
45,"333571251327",2,20,49.2000,2.4600,2.9600,"KB"
45,"333571251343",2,15,50.4000,3.3600,3.2700,"KB"
45,"333571251356",2,17,56.6000,3.3300,3.4500,"KB"
45,"333571251369",2,16,57.4000,3.5900,3.5100,"KB"
45,"333571251372",2,20,64.1000,3.2100,3.3600,"KB"
45,"333571251398",2,20,67.1000,3.3600,3.5500,"KB"
45,"333571251408",2,20,65.2000,3.2600,3.4900,"KB"
45,"333571251411",2,20,67.3000,3.3700,3.5700,"KB"
45,"333571251424",2,17,54.8000,3.2200,3.2500,"KB"
45,"333571251437",2,17,55.2000,3.2500,3.3600,"KB"
45,"333571251440",2,19,70.4000,3.7100,3.7800,"KB"
45,"333571251453",2,17,56.4000,3.3200,3.4600,"KB"
45,"333571251466",2,17,57.2000,3.3600,3.5100,"KB"
45,"333571251479",2,20,57.8000,2.8900,3.0600,"KB"
45,"333571251482",2,15,49.5000,3.3000,3.3300,"KB"
45,"333571251495",2,16,56.6000,3.5400,3.4700,"KB"
45,"333571251505",2,15,50.4000,3.3600,3.3600,"KB"
45,"333571251518",2,19,69.7000,3.6700,3.6300,"KB"
45,"333571251521",2,20,64.6000,3.2300,3.4700,"KB"
45,"333571251534",2,15,50.9000,3.3900,3.4700,"KB"
45,"333571251550",1,20,70.0000,3.5000,3.5000,"KB"
45,"333571251563",1,20,67.3000,3.3700,3.3700,"KB"
45,"333571251576",1,20,74.1000,3.7100,3.7100,"KB"
45,"333571251589",1,20,64.5000,3.2300,3.2300,"KB"
45,"333571251592",1,20,64.8000,3.2400,3.2400,"KB"
45,"333571251602",1,20,69.8000,3.4900,3.4900,"KB"
45,"333571251615",1,20,68.0000,3.4000,3.4000,"KB"
45,"333571251628",1,20,76.0000,3.8000,3.8000,"KB"
45,"333571251699",1,20,67.9000,3.4000,3.4000,"KB"
45,"333571251709",1,20,64.9000,3.2500,3.2500,"KB"
45,"333571251712",1,20,64.9000,3.2500,3.2500,"KB"
45,"333571251754",1,20,71.2000,3.5600,3.5600,"KB"
45,"333571251767",1,20,65.5000,3.2800,3.2800,"KB"
45,"333571251770",1,20,71.6000,3.5800,3.5800,"KB"
45,"333571251783",1,12,41.5000,3.4600,3.4600,"KB"
45,"333571251796",1,12,41.6000,3.4700,3.4700,"KB"
45,"333571251819",1,12,40.3000,3.3600,3.3600,"KB"
45,"333571251822",1,12,40.6000,3.3800,3.3800,"KB"
45,"333571251835",1,12,36.5000,3.0400,3.0400,"KB"
45,"333571251848",1,12,44.4000,3.7000,3.7000,"KB"
45,"333571251851",1,12,41.7000,3.4800,3.4800,"KB"
45,"333571251864",1,12,40.1000,3.3400,3.3400,"KB"
45,"333571251877",1,12,40.7000,3.3900,3.3900,"KB"
45,"333571251893",1,12,42.4000,3.5300,3.5300,"KB"
45,"333571251903",1,12,41.5000,3.4600,3.4600,"KB"
45,"333571251929",1,12,40.6000,3.3800,3.3800,"KB"
45,"333571251932",1,12,37.7000,3.1400,3.1400,"KB"
45,"333571251945",1,12,36.4000,3.0300,3.0300,"KB"
45,"333571251958",1,18,67.8000,3.7700,3.7700,"KB"
45,"333571251961",1,18,59.4000,3.3000,3.3000,"KB"
45,"333571251974",1,18,61.8000,3.4300,3.4300,"KB"
45,"333571251987",1,18,61.4000,3.4100,3.4100,"KB"
45,"3335712519900",1,18,60.2000,3.3400,3.3400,"KB"
45,"333571252025",1,18,66.1000,3.6700,3.6700,"KB"
45,"333571252038",1,18,64.9000,3.6100,3.6100,"KB"
45,"333571252041",1,18,67.6000,3.7600,3.7600,"KB"
45,"333571252054",1,18,64.5000,3.5800,3.5800,"KB"
45,"333571252067",1,18,63.0000,3.5000,3.5000,"KB"
45,"333571252070",1,18,67.1000,3.7300,3.7300,"KB"
45,"333571252083",1,18,65.1000,3.6200,3.6200,"KB"
45,"333571252096",1,18,60.1000,3.3400,3.3400,"KB"
45,"333571252106",1,18,65.6000,3.6400,3.6400,"KB"
45,"333571252119",1,18,65.3000,3.6300,3.6300,"KB"
45,"333571252135",1,18,60.4000,3.3600,3.3600,"KB"
45,"333571252151",1,13,50.8000,3.9100,3.9100,"KB"
45,"333571252164",1,13,47.6000,3.6600,3.6600,"KB"
45,"333571252177",1,13,50.0000,3.8500,3.8500,"KB"
45,"333571252180",1,13,50.8000,3.9100,3.9100,"KB"
45,"333571252193",1,13,46.4000,3.5700,3.5700,"KB"
45,"333571252203",1,13,46.4000,3.5700,3.5700,"KB"
45,"333571252216",1,13,48.2000,3.7100,3.7100,"KB"
45,"333571252229",1,13,48.8000,3.7500,3.7500,"KB"
45,"333571252232",1,13,46.2000,3.5500,3.5500,"KB"
45,"333571252245",1,13,44.0000,3.3800,3.3800,"KB"
45,"333571252258",1,13,46.0000,3.5400,3.5400,"KB"
45,"333571252274",1,13,49.4000,3.8000,3.8000,"KB"
45,"333571252287",1,13,44.4000,3.4200,3.4200,"KB"
45,"333571252300",1,13,47.0000,3.6200,3.6200,"KB"
45,"333571252313",1,13,50.2000,3.8600,3.8600,"KB"
45,"333571252326",1,13,50.2000,3.8600,3.8600,"KB"
45,"333571252339",1,13,50.2000,3.8600,3.8600,"KB"
45,"333571252342",1,13,48.2000,3.7100,3.7100,"KB"
45,"333571252355",1,13,44.3000,3.4100,3.4100,"KB"
45,"333571252368",1,13,48.4000,3.7200,3.7200,"KB"
45,"333571252371",1,13,50.8000,3.9100,3.9100,"KB"
45,"333571252407",1,13,46.4000,3.5700,3.5700,"KB"
45,"333571252410",1,13,49.4000,3.8000,3.8000,"KB"
45,"333571252423",1,13,45.4000,3.4900,3.4900,"KB"
45,"333571252436",1,13,49.6000,3.8200,3.8200,"KB"
45,"333571252449",1,13,45.8000,3.5200,3.5200,"KB"
45,"333571252452",1,13,49.4000,3.8000,3.8000,"KB"
45,"333571252478",1,15,54.5000,3.6300,3.6300,"KB"
45,"333571252494",1,15,59.4000,3.9600,3.9600,"KB"
45,"333571252517",1,15,52.4000,3.4900,3.4900,"KB"
45,"333571252559",1,15,56.4000,3.7600,3.7600,"KB"
45,"333571252575",1,15,51.2000,3.4100,3.4100,"KB"
45,"333571252591",1,12,40.6000,3.3800,3.3800,"KB"
45,"333571252601",1,12,38.6000,3.2200,3.2200,"KB"
45,"333571252614",1,12,41.5000,3.4600,3.4600,"KB"
45,"333571252627",1,12,39.2000,3.2700,3.2700,"KB"
45,"333571252643",1,18,61.3000,3.4100,3.4100,"KB"
45,"333571252656",1,13,47.6000,3.6600,3.6600,"KB"
45,"333571252669",1,13,50.0000,3.8500,3.8500,"KB"
45,"333571252698",1,13,49.4000,3.8000,3.8000,"KB"
45,"333571252708",1,20,78.2000,3.9100,3.9100,"KB"
45,"333571252737",1,20,71.2000,3.5600,3.5600,"KB"
45,"333571252753",1,18,63.3000,3.5200,3.5200,"KB"
45,"333571252766",1,13,50.8000,3.9100,3.9100,"KB"
45,"333571252779",1,13,50.8000,3.9100,3.9100,"KB"
45,"333571252782",1,13,48.4000,3.7200,3.7200,"KB"
45,"333571252795",1,13,52.0000,4.0000,4.0000,"KB"
45,"333571252805",1,13,51.4000,3.9500,3.9500,"KB"
45,"333571252821",1,20,63.1000,3.1600,3.1600,"KB"
45,"333571252847",1,12,39.2000,3.2700,3.2700,"KB"
45,"333571252863",1,20,62.1000,3.1100,3.1100,"KB"
45,"333571252889",1,20,70.7000,3.5400,3.5400,"KB"
45,"333571252892",1,13,45.8000,3.5200,3.5200,"KB"
45,"333571252902",1,13,48.8000,3.7500,3.7500,"KB"
45,"333571252915",1,20,70.7000,3.5400,3.5400,"KB"
45,"333571252928",1,13,44.6000,3.4300,3.4300,"KB"
45,"333571252931",1,13,39.8000,3.0600,3.0600,"KB"
45,"333571252944",1,16,57.5000,3.5900,3.5900,"KB"
45,"333571252957",1,16,56.7000,3.5400,3.5400,"KB"
45,"333571252960",1,16,55.8000,3.4900,3.4900,"KB"
45,"333571252973",1,16,60.1000,3.7600,3.7600,"KB"
45,"333571252986",1,16,58.9000,3.6800,3.6800,"KB"
45,"333571252999",1,16,49.9000,3.1200,3.1200,"KB"
45,"333571253008",1,16,53.8000,3.3600,3.3600,"KB"
45,"333571253011",1,16,59.1000,3.6900,3.6900,"KB"
45,"333571253024",1,16,57.9000,3.6200,3.6200,"KB"
45,"333571253037",1,16,61.9000,3.8700,3.8700,"KB"
45,"333571253040",1,16,61.9000,3.8700,3.8700,"KB"
45,"333571253053",1,16,54.6000,3.4100,3.4100,"KB"
45,"333571253066",1,20,70.6000,3.5300,3.5300,"KB"
45,"333571253082",1,20,75.3000,3.7700,3.7700,"KB"
45,"333571253095",1,15,54.8000,3.6500,3.6500,"KB"
45,"333571253105",1,15,52.4000,3.4900,3.4900,"KB"
45,"333571253134",1,20,67.9000,3.4000,3.4000,"KB"
45,"333572148628",3,20,71.3000,3.5700,3.5100,"KB"
45,"333571250205",1,16,53.7000,3.3600,3.3600,"KB"
45,"333571249355",1,12,39.8000,3.3200,3.3200,"KB"
46,"333521209099",2,0,0.0000,0.0000,3.4700,"KB"
46,"333531249117",6,0,0.0000,0.0000,3.7800,"KBG"
46,"333571232630",2,16,60.0000,3.7500,3.7000,"KB"
46,"333571242802",6,0,0.0000,0.0000,3.2300,"KBG"
46,"333571242815",6,0,0.0000,0.0000,3.3500,"KBG"
46,"333571242828",6,0,0.0000,0.0000,3.4300,"KBG"
46,"333571242844",6,0,0.0000,0.0000,3.6800,"KBG"
46,"333571242886",6,0,0.0000,0.0000,3.5100,"KBG"
46,"333571242899",6,0,0.0000,0.0000,3.6700,"KBG"
46,"333571242912",6,0,0.0000,0.0000,3.4100,"KBG"
46,"333571242925",6,0,0.0000,0.0000,3.6000,"KBG"
46,"333571242938",6,0,0.0000,0.0000,3.4400,"KBG"
46,"333571242941",6,0,0.0000,0.0000,3.2800,"KBG"
46,"333571242954",6,0,0.0000,0.0000,3.5800,"KBG"
46,"333571242967",6,0,0.0000,0.0000,3.5300,"KBG"
46,"333571242983",6,0,0.0000,0.0000,3.3000,"KBG"
46,"333571242996",6,0,0.0000,0.0000,3.4600,"KBG"
46,"333571243005",6,0,0.0000,0.0000,3.5500,"KBG"
46,"333571243018",6,0,0.0000,0.0000,3.3600,"KBG"
46,"333571243092",6,6,23.1000,3.8500,3.5200,"KBG"
46,"333571243115",6,6,21.0000,3.5000,3.5900,"KBG"
46,"333571243128",6,6,22.2000,3.7000,3.6700,"KBG"
46,"333571243131",6,6,23.1000,3.8500,3.7400,"KBG"
46,"333571243144",6,6,24.0000,4.0000,3.5300,"KBG"
46,"333571243157",6,6,24.0000,4.0000,3.5300,"KBG"
46,"333571243160",6,6,20.1000,3.3500,3.1600,"KBG"
46,"333571243173",6,6,21.0000,3.5000,3.4000,"KBG"
46,"333571243199",6,6,24.0000,4.0000,3.3300,"KBG"
46,"333571243225",6,6,23.1000,3.8500,3.6700,"KBG"
46,"333571243254",6,6,23.1000,3.8500,3.7800,"KBG"
46,"333571243267",6,0,0.0000,0.0000,3.7000,"KBG"
46,"333571243270",6,0,0.0000,0.0000,3.3600,"KBG"
46,"333571243283",6,0,0.0000,0.0000,3.6300,"KBG"
46,"333571243296",6,0,0.0000,0.0000,3.4200,"KBG"
46,"333571243319",6,0,0.0000,0.0000,3.5400,"KBG"
46,"333571243322",6,0,0.0000,0.0000,3.3400,"KBG"
46,"333571243348",6,0,0.0000,0.0000,3.7900,"KBG"
46,"333571243429",6,0,0.0000,0.0000,3.5700,"KBG"
46,"333571240147",7,0,0.0000,0.0000,3.2000,"KBG"
46,"333571243432",6,0,0.0000,0.0000,3.3300,"KBG"
46,"333571245236",5,0,0.0000,0.0000,2.6500,"KBG"
46,"333571243445",6,6,23.1000,3.8500,3.6800,"KBG"
46,"333571243513",6,0,0.0000,0.0000,3.5700,"KBG"
46,"333571243542",6,0,0.0000,0.0000,3.2900,"KBG"
46,"333571243597",6,6,20.1000,3.3500,3.6200,"KBG"
46,"333571243607",6,0,0.0000,0.0000,3.5000,"KBG"
46,"333571243610",6,0,0.0000,0.0000,3.5000,"KBG"
46,"333571243665",6,0,0.0000,0.0000,3.5400,"KBG"
46,"333571243681",6,6,21.0000,3.5000,3.5500,"KBG"
46,"333571243694",6,6,21.0000,3.5000,3.5500,"KBG"
46,"333571243704",6,0,0.0000,0.0000,3.5900,"KBG"
46,"333571243720",6,0,0.0000,0.0000,3.7000,"KBG"
46,"333571243762",6,0,0.0000,0.0000,3.6600,"KBG"
46,"333571243775",6,0,0.0000,0.0000,3.7900,"KBG"
46,"333571243801",6,0,0.0000,0.0000,3.4000,"KBG"
46,"333571243814",6,6,24.0000,4.0000,3.6200,"KBG"
46,"333571243827",6,6,20.1000,3.3500,3.4900,"KBG"
46,"333571243830",6,0,0.0000,0.0000,3.3700,"KBG"
46,"333571243843",6,0,0.0000,0.0000,3.5000,"KBG"
46,"333571243856",6,0,0.0000,0.0000,3.7200,"KBG"
46,"333571243869",6,0,0.0000,0.0000,3.5300,"KBG"
46,"333571243982",6,6,24.0000,4.0000,3.6700,"KBG"
46,"333571243995",6,6,23.1000,3.8500,3.5900,"KBG"
46,"333571244017",6,0,0.0000,0.0000,3.6900,"KBG"
46,"333571244020",6,0,0.0000,0.0000,3.7100,"KBG"
46,"333571244033",6,0,0.0000,0.0000,3.7300,"KBG"
46,"333571244130",6,0,0.0000,0.0000,3.5600,"KBG"
46,"333571244143",6,0,0.0000,0.0000,3.7800,"KBG"
46,"333571244185",6,6,21.0000,3.5000,3.4900,"KBG"
46,"333571244198",6,0,0.0000,0.0000,3.5200,"KBG"
46,"333571244208",6,0,0.0000,0.0000,3.4700,"KBG"
46,"333571244211",6,0,0.0000,0.0000,3.7300,"KBG"
46,"333571244224",6,0,0.0000,0.0000,3.6300,"KBG"
46,"333571244237",6,0,0.0000,0.0000,3.6000,"KBG"
46,"333571244266",6,0,0.0000,0.0000,2.9500,"KBG"
46,"333571244276",4,16,56.4000,3.5300,3.5600,"KB"
46,"333571244282",6,0,0.0000,0.0000,3.5700,"KBG"
46,"333571244525",5,17,55.8000,3.2800,3.5000,"KB"
46,"333571244541",5,17,61.1000,3.5900,3.5400,"KB"
46,"333571244554",5,17,61.4000,3.6100,3.5500,"KB"
46,"333571244567",5,17,62.6000,3.6800,3.7400,"KB"
46,"333571244570",5,17,49.9000,2.9400,3.2500,"KB"
46,"333571244583",5,17,53.3000,3.1400,3.4100,"KB"
46,"333571244596",5,17,58.3000,3.4300,3.4500,"KB"
46,"333571244606",5,17,52.4000,3.0800,3.3800,"KB"
46,"333571244619",5,17,53.6000,3.1500,3.3700,"KB"
46,"333571244622",5,17,56.1000,3.3000,3.4300,"KB"
46,"333571244635",5,17,61.7000,3.6300,3.6400,"KB"
46,"333571244648",5,17,64.1000,3.7700,3.7800,"KB"
46,"333571244651",5,17,62.3000,3.6600,3.6700,"KB"
46,"333571244664",5,17,57.1000,3.3600,3.6000,"KB"
46,"333571244729",5,18,71.4000,3.9700,3.9000,"KB"
46,"333571244732",5,18,64.9000,3.6100,3.2400,"KB"
46,"333571244758",5,18,63.3000,3.5200,3.6200,"KB"
46,"333571244761",5,18,64.4000,3.5800,3.5900,"KB"
46,"333571244787",5,18,62.0000,3.4400,3.2500,"KB"
46,"333571244790",5,18,68.8000,3.8200,3.4600,"KB"
46,"333571244800",5,18,63.8000,3.5400,3.5300,"KB"
46,"333571244813",5,18,68.3000,3.7900,3.6500,"KB"
46,"333571244826",5,18,62.4000,3.4700,3.3900,"KB"
46,"333571244839",5,18,66.7000,3.7100,3.6100,"KB"
46,"333571244842",5,18,64.3000,3.5700,3.6900,"KB"
46,"333571244855",5,18,61.1000,3.3900,3.2400,"KB"
46,"333571244868",5,19,72.5000,3.8200,3.6900,"KB"
46,"333571244871",5,19,66.6000,3.5100,3.2300,"KB"
46,"333571244897",5,19,65.0000,3.4200,3.4700,"KB"
46,"333571244907",5,19,72.4000,3.8100,3.4500,"KB"
46,"333571244910",5,19,73.9000,3.8900,3.8000,"KB"
46,"333571244923",5,19,73.9000,3.8900,3.7100,"KB"
46,"333571244949",5,19,67.1000,3.5300,3.4000,"KB"
46,"333571244952",5,19,73.9000,3.8900,3.6700,"KB"
46,"333571244965",5,19,70.0000,3.6800,3.4300,"KB"
46,"333571244981",5,19,69.9000,3.6800,3.6400,"KB"
46,"333571244994",4,13,51.1000,3.9300,3.7800,"KB"
46,"333571245003",5,17,65.0000,3.8200,3.7900,"KB"
46,"333571245029",5,17,66.6000,3.9200,3.8200,"KB"
46,"333571245032",5,17,62.1000,3.6500,3.5300,"KB"
46,"333571245058",5,17,64.2000,3.7800,3.6500,"KB"
46,"333571245061",5,17,61.4000,3.6100,3.6000,"KB"
46,"333571245074",5,17,54.3000,3.1900,3.2100,"KB"
46,"333571245090",5,17,66.5000,3.9100,3.6900,"KB"
46,"333571245155",5,17,66.6000,3.9200,3.8200,"KB"
46,"333571245168",5,17,64.4000,3.7900,3.5700,"KB"
46,"333571245171",5,17,63.6000,3.7400,3.8600,"KB"
46,"333571245197",5,17,64.5000,3.7900,3.8300,"KB"
46,"333571245207",5,17,63.6000,3.7400,3.7800,"KB"
46,"333571245210",5,17,63.6000,3.7400,3.7500,"KB"
46,"333571245294",5,19,74.2000,3.9100,3.8300,"KB"
46,"333571245304",5,19,73.6000,3.8700,3.8000,"KB"
46,"333571245333",5,17,61.4000,3.6100,3.4800,"KB"
46,"333571245359",5,17,58.5000,3.4400,3.2600,"KB"
46,"333571245362",4,13,41.9000,3.2200,3.4300,"KB"
46,"333571245372",4,16,57.8000,3.6100,3.6600,"KB"
46,"333571245401",5,18,65.3000,3.6300,3.4500,"KB"
46,"333571245595",5,17,62.2000,3.6600,3.7200,"KB"
46,"333571245618",5,17,62.9000,3.7000,3.6800,"KB"
46,"333571245634",5,18,64.9000,3.6100,3.5600,"KB"
46,"333571245650",5,18,67.8000,3.7700,3.3900,"KB"
46,"333571245663",5,18,66.4000,3.6900,3.5400,"KB"
46,"333571245702",5,18,70.8000,3.9300,3.9200,"KB"
46,"333571245731",5,17,65.6000,3.8600,3.4100,"KB"
46,"333571245786",5,17,60.8000,3.5800,3.3000,"KB"
46,"333571245838",5,17,65.9000,3.8800,3.7600,"KB"
46,"333571245883",5,19,67.7000,3.5600,3.3000,"KB"
46,"333571245896",5,19,73.0000,3.8400,3.6200,"KB"
46,"333571245906",5,19,75.1000,3.9500,3.8400,"KB"
46,"333571245919",5,19,74.5000,3.9200,3.7400,"KB"
46,"333571245922",5,19,71.7000,3.7700,3.7300,"KB"
46,"333571245935",5,19,73.0000,3.8400,3.6400,"KB"
46,"333571245948",4,13,50.2000,3.8600,3.6300,"KB"
46,"333571245980",5,17,63.1000,3.7100,3.6900,"KB"
46,"333571245993",5,17,60.9000,3.5800,3.5000,"KB"
46,"333571246002",5,17,65.7000,3.8600,3.6500,"KB"
46,"333571246015",5,17,61.8000,3.6400,3.4500,"KB"
46,"333571246028",5,17,65.7000,3.8600,3.6900,"KB"
46,"333571246057",5,18,68.8000,3.8200,3.6300,"KB"
46,"333571246073",5,18,68.8000,3.8200,3.6100,"KB"
46,"333571246109",5,19,74.8000,3.9400,3.8200,"KB"
46,"333571246293",5,17,57.7000,3.3900,3.5200,"KB"
46,"333571246303",5,17,61.3000,3.6100,3.7200,"KB"
46,"333571246316",5,17,58.9000,3.4600,3.5700,"KB"
46,"333571246329",5,17,64.7000,3.8100,3.5800,"KB"
46,"333571246345",5,17,62.6000,3.6800,3.6200,"KB"
46,"333571246374",5,18,64.4000,3.5800,3.5000,"KB"
46,"333571246439",5,17,63.8000,3.7500,3.6500,"KB"
46,"333571246455",5,19,73.3000,3.8600,3.6800,"KB"
46,"333571246701",5,17,66.5000,3.9100,3.8500,"KB"
46,"333571246714",5,17,66.5000,3.9100,3.8800,"KB"
46,"333571246743",4,19,58.0000,3.0500,3.0500,"KBG"
46,"333571246756",4,19,63.4000,3.3400,3.2500,"KBG"
46,"333571246769",4,19,70.3000,3.7000,3.6200,"KBG"
46,"333571246772",4,19,70.7000,3.7200,3.7000,"KBG"
46,"333571246785",4,19,70.6000,3.7200,3.7800,"KBG"
46,"333571246798",4,19,60.3000,3.1700,3.4400,"KBG"
46,"333571246808",4,19,63.0000,3.3200,3.2500,"KBG"
46,"333571246811",4,19,64.6000,3.4000,3.3000,"KBG"
46,"333571246824",4,19,60.8000,3.2000,3.2100,"KBG"
46,"333571246837",2,20,62.5000,3.1300,3.2300,"KB"
46,"333571246840",4,19,63.4000,3.3400,3.3900,"KBG"
46,"333571246866",4,19,60.7000,3.1900,3.1900,"KBG"
46,"333571246879",4,19,62.6000,3.2900,3.3300,"KBG"
46,"333571246882",4,19,65.3000,3.4400,3.3800,"KBG"
46,"333571246895",4,0,0.0000,0.0000,3.2300,"KBG"
46,"333571246918",4,0,0.0000,0.0000,3.5800,"KBG"
46,"333571246921",4,0,0.0000,0.0000,3.4600,"KBG"
46,"333571246934",4,0,0.0000,0.0000,3.2000,"KBG"
46,"333571246947",4,0,0.0000,0.0000,3.4200,"KBG"
46,"333571246989",4,0,0.0000,0.0000,3.2700,"KBG"
46,"333571246992",4,0,0.0000,0.0000,3.1000,"KBG"
46,"333571247030",4,0,0.0000,0.0000,3.4000,"KBG"
46,"333571247072",4,0,0.0000,0.0000,3.1400,"KBG"
46,"333571247153",4,16,59.0000,3.6900,3.6300,"KB"
46,"333571247166",4,16,48.6000,3.0400,3.0700,"KB"
46,"333571247179",4,16,57.4000,3.5900,3.6200,"KB"
46,"333571247195",4,16,56.2000,3.5100,3.6900,"KB"
46,"333571247218",4,16,56.2000,3.5100,3.4100,"KB"
46,"333571247247",4,16,59.0000,3.6900,3.7500,"KB"
46,"333571247250",4,16,60.8000,3.8000,3.8800,"KB"
46,"333571247263",4,16,51.8000,3.2400,3.4600,"KB"
46,"333571247289",4,16,59.0000,3.6900,3.6300,"KB"
46,"333571247292",4,16,55.8000,3.4900,3.4700,"KB"
46,"333571247302",4,16,58.8000,3.6800,3.7100,"KB"
46,"333571247315",4,16,58.8000,3.6800,3.7600,"KB"
46,"333571247331",4,16,48.6000,3.0400,3.0700,"KB"
46,"333571247344",3,19,70.1000,3.6900,3.6400,"KB"
46,"333571247360",4,16,58.8000,3.6800,3.5700,"KB"
46,"333571247373",4,16,59.6000,3.7300,3.6500,"KB"
46,"333571247506",4,14,49.7000,3.5500,3.3300,"KB"
46,"333571247519",4,14,50.5000,3.6100,3.4700,"KB"
46,"333571247522",4,14,53.9000,3.8500,3.5800,"KB"
46,"333571247535",4,14,53.9000,3.8500,3.7500,"KB"
46,"333571247548",4,14,52.0000,3.7100,3.3700,"KB"
46,"333571247551",4,14,55.1000,3.9400,3.8300,"KB"
46,"333571247564",4,14,51.5000,3.6800,3.4900,"KB"
46,"333571247580",4,14,49.9000,3.5600,3.4400,"KB"
46,"333571247593",4,14,48.7000,3.4800,3.4400,"KB"
46,"333571247603",4,14,49.0000,3.5000,3.3800,"KB"
46,"333571247616",4,14,51.1000,3.6500,3.5400,"KB"
46,"333571247632",4,14,52.1000,3.7200,3.6500,"KB"
46,"333571247645",4,14,48.1000,3.4400,3.4400,"KB"
46,"333571247658",4,14,46.7000,3.3400,3.1900,"KB"
46,"333571247661",4,14,53.9000,3.8500,3.7400,"KB"
46,"333571247687",4,14,50.3000,3.5900,3.5100,"KB"
46,"333571247690",4,14,47.8000,3.4100,3.3600,"KB"
46,"333571247700",4,14,56.0000,4.0000,3.7500,"KB"
46,"333571247713",4,14,51.5000,3.6800,3.2700,"KB"
46,"333571247739",4,14,52.5000,3.7500,3.6700,"KB"
46,"333571247771",4,14,54.2000,3.8700,3.7000,"KB"
46,"333571247797",4,14,51.1000,3.6500,3.4500,"KB"
46,"333571247810",4,14,51.1000,3.6500,3.3500,"KB"
46,"333571247823",4,14,47.0000,3.3600,2.9600,"KB"
46,"333571247836",4,14,47.0000,3.3600,3.2100,"KB"
46,"333571247849",4,14,50.5000,3.6100,3.2100,"KB"
46,"333571247852",4,14,51.5000,3.6800,3.3500,"KB"
46,"333571247865",4,14,53.1000,3.7900,3.4000,"KB"
46,"333571247878",4,14,50.5000,3.6100,3.1900,"KB"
46,"333571247881",4,14,52.3000,3.7400,3.4900,"KB"
46,"333571247894",4,14,51.5000,3.6800,3.4900,"KB"
46,"333571247904",4,16,59.4000,3.7100,3.8200,"KB"
46,"333571247917",4,16,54.0000,3.3800,3.4000,"KB"
46,"333571247933",4,16,58.6000,3.6600,3.6800,"KB"
46,"333571247946",4,16,58.6000,3.6600,3.6100,"KB"
46,"333571247962",4,16,54.0000,3.3800,3.2700,"KB"
46,"333571247975",4,16,56.8000,3.5500,3.5300,"KB"
46,"333571247988",4,16,56.4000,3.5300,3.4500,"KB"
46,"333571248000",4,16,58.8000,3.6800,3.4000,"KB"
46,"333571248013",4,16,58.0000,3.6300,3.5000,"KB"
46,"333571248026",4,16,57.0000,3.5600,3.3400,"KB"
46,"333571248042",4,16,58.6000,3.6600,3.7200,"KB"
46,"333571248055",4,16,57.4000,3.5900,3.6600,"KB"
46,"333571248071",4,16,55.2000,3.4500,3.4900,"KB"
46,"333571248084",4,16,57.4000,3.5900,3.6600,"KB"
46,"333571248107",4,13,43.8000,3.3700,2.9700,"KB"
46,"333571248123",4,0,0.0000,0.0000,3.4900,"KBG"
46,"333571248178",4,0,0.0000,0.0000,3.3700,"KBG"
46,"333571248181",4,0,0.0000,0.0000,3.0400,"KBG"
46,"333571248288",4,14,53.3000,3.8100,3.4200,"KB"
46,"333571248291",4,16,60.8000,3.8000,3.7700,"KB"
46,"333571248301",4,14,54.5000,3.8900,3.7100,"KB"
46,"333571248314",4,19,67.1000,3.5300,3.5800,"KBG"
46,"333571248330",4,16,52.8000,3.3000,3.0500,"KB"
46,"333571248372",4,14,46.8000,3.3400,3.2200,"KB"
46,"333571248385",4,19,64.1000,3.3700,3.3200,"KBG"
46,"333571248398",4,14,48.7000,3.4800,3.3900,"KB"
46,"333571248408",4,14,51.3000,3.6600,3.3700,"KB"
46,"333571248411",4,16,55.8000,3.4900,3.4800,"KB"
46,"333571248534",4,14,53.6000,3.8300,3.5300,"KB"
46,"333571248547",4,16,54.6000,3.4100,3.2400,"KB"
46,"333571248550",4,16,58.6000,3.6600,3.4800,"KB"
46,"333571248576",4,16,57.4000,3.5900,3.5800,"KB"
46,"333571248602",4,16,59.2000,3.7000,3.7400,"KB"
46,"333571248631",4,16,57.6000,3.6000,3.5500,"KB"
46,"333571248657",4,13,39.2000,3.0200,3.3700,"KB"
46,"333571248673",4,14,52.3000,3.7400,3.5700,"KB"
46,"333571248686",4,13,42.7000,3.2800,3.5400,"KB"
46,"333571248738",3,17,50.0000,2.9400,3.1800,"KB"
46,"333571248754",3,12,37.4000,3.1200,3.1800,"KB"
46,"333571248819",3,17,56.4000,3.3200,3.4800,"KB"
46,"333571248822",3,13,36.0000,2.7700,2.7000,"KB"
46,"333571248835",3,17,57.2000,3.3600,3.3900,"KB"
46,"333571248848",3,17,48.4000,2.8500,3.1700,"KB"
46,"333571248851",3,12,38.0000,3.1700,3.3100,"KB"
46,"333571248893",3,17,54.8000,3.2200,3.3400,"KB"
46,"333571248916",3,17,55.1000,3.2400,3.4500,"KB"
46,"333571248932",3,12,36.8000,3.0700,3.0100,"KB"
46,"333571249012",3,17,60.7000,3.5700,3.7300,"KB"
46,"333571249038",3,17,44.9000,2.6400,2.8700,"KB"
46,"333571249067",3,17,53.8000,3.1600,3.3100,"KB"
46,"333571249083",3,17,52.4000,3.0800,3.2900,"KB"
46,"333571249148",3,12,36.8000,3.0700,3.1700,"KB"
46,"333571249177",3,19,68.8000,3.6200,3.5600,"KB"
46,"333571249180",3,19,69.6000,3.6600,3.6100,"KB"
46,"333571249193",3,19,73.9000,3.8900,3.8600,"KB"
46,"333571249211",3,17,47.2000,2.7800,2.9800,"KBG"
46,"333571249216",3,20,78.8000,3.9400,3.9400,"KB"
46,"333571249229",3,19,70.7000,3.7200,3.6100,"KB"
46,"333571249232",3,19,69.6000,3.6600,3.6400,"KB"
46,"333571249245",3,19,63.7000,3.3500,3.3900,"KB"
46,"333571249258",3,19,63.2000,3.3300,3.2300,"KB"
46,"333571249261",3,19,68.3000,3.5900,3.5600,"KB"
46,"333571249274",3,19,68.4000,3.6000,3.4600,"KB"
46,"333571249287",3,19,66.7000,3.5100,3.4700,"KB"
46,"333571249313",3,19,71.7000,3.7700,3.7500,"KB"
46,"333571249339",3,19,69.7000,3.6700,3.6400,"KB"
46,"333571249342",3,19,67.9000,3.5700,3.5900,"KB"
46,"333571249355",2,16,60.2000,3.7600,3.5700,"KB"
46,"333571249368",3,19,70.1000,3.6900,3.7000,"KB"
46,"333571249384",3,19,69.6000,3.6600,3.6800,"KB"
46,"333571249397",3,19,68.2000,3.5900,3.5600,"KB"
46,"333571249407",3,19,69.6000,3.6600,3.6100,"KB"
46,"333571249410",3,19,67.9000,3.5700,3.5400,"KB"
46,"333571249423",3,19,67.6000,3.5600,3.5300,"KB"
46,"333571249436",3,19,71.3000,3.7500,3.6300,"KB"
46,"333571249449",3,19,65.2000,3.4300,3.3800,"KB"
46,"333571249452",3,19,72.5000,3.8200,3.6900,"KB"
46,"333571249465",3,19,69.2000,3.6400,3.6100,"KB"
46,"333571249478",3,19,68.9000,3.6300,3.5500,"KB"
46,"333571249481",3,19,70.9000,3.7300,3.6900,"KB"
46,"333571249494",3,19,58.5000,3.0800,3.0000,"KB"
46,"333571249504",3,19,66.6000,3.5100,3.3800,"KB"
46,"333571249517",3,19,67.9000,3.5700,3.4800,"KB"
46,"333571249520",3,19,68.7000,3.6200,3.5800,"KB"
46,"333571249533",3,19,69.6000,3.6600,3.7500,"KB"
46,"333571249546",3,19,68.5000,3.6100,3.3500,"KB"
46,"333571249559",3,19,68.4000,3.6000,3.6000,"KB"
46,"333571249562",3,19,67.9000,3.5700,3.6500,"KB"
46,"333571249575",3,19,64.9000,3.4200,3.4100,"KB"
46,"333571249588",3,19,63.7000,3.3500,3.3100,"KB"
46,"333571249591",3,17,56.5000,3.3200,3.2300,"KBG"
46,"333571249601",3,17,59.8000,3.5200,3.4800,"KBG"
46,"333571249614",3,17,60.9000,3.5800,3.6500,"KBG"
46,"333571249627",3,17,66.6000,3.9200,3.9400,"KBG"
46,"333571249630",3,17,54.7000,3.2200,3.3700,"KBG"
46,"333571249643",3,17,55.0000,3.2400,3.3200,"KBG"
46,"333571249656",3,17,39.1000,2.3000,2.6300,"KBG"
46,"333571249669",3,17,60.3000,3.5500,3.4300,"KBG"
46,"333571249672",3,17,62.7000,3.6900,3.7300,"KBG"
46,"333571249685",3,17,57.3000,3.3700,3.3700,"KBG"
46,"333571249698",3,17,58.1000,3.4200,3.4000,"KBG"
46,"333571249708",3,17,59.9000,3.5200,3.5700,"KBG"
46,"333571249724",3,17,53.0000,3.1200,3.1900,"KBG"
46,"333571249737",3,17,53.3000,3.1400,3.0300,"KBG"
46,"333571249740",3,17,55.9000,3.2900,3.3500,"KBG"
46,"333571249766",3,17,57.1000,3.3600,3.4400,"KBG"
46,"333571249779",3,17,57.1000,3.3600,3.4100,"KBG"
46,"333571249782",3,17,56.6000,3.3300,3.2700,"KBG"
46,"333571249795",3,17,57.7000,3.3900,3.4000,"KBG"
46,"333571249805",3,16,43.9000,2.7400,3.0900,"KB"
46,"333571249818",3,16,60.5000,3.7800,3.7700,"KB"
46,"333571249834",3,16,60.0000,3.7500,3.8300,"KB"
46,"333571249892",3,16,58.5000,3.6600,3.7100,"KB"
46,"333571249902",3,16,61.6000,3.8500,3.8100,"KB"
46,"333571249915",3,16,54.8000,3.4300,3.5500,"KB"
46,"333571249928",3,16,56.1000,3.5100,3.5500,"KB"
46,"333571249931",3,16,59.3000,3.7100,3.7500,"KB"
46,"333571249944",3,16,56.8000,3.5500,3.6300,"KB"
46,"333571249957",3,16,53.2000,3.3300,3.5000,"KB"
46,"333571249960",3,16,58.9000,3.6800,3.6100,"KB"
46,"333571249986",3,16,51.0000,3.1900,3.3600,"KB"
46,"333571249999",3,16,57.7000,3.6100,3.6900,"KB"
46,"333571250001",3,16,54.0000,3.3800,3.6400,"KB"
46,"333571250014",3,16,52.5000,3.2800,3.4100,"KB"
46,"333571250030",3,19,64.5000,3.3900,3.4600,"KB"
46,"333571250043",3,19,72.3000,3.8100,3.6800,"KB"
46,"333571250069",3,19,71.2000,3.7500,3.5900,"KB"
46,"333571250072",3,19,67.5000,3.5500,3.4700,"KB"
46,"333571250085",3,19,69.1000,3.6400,3.5900,"KB"
46,"333571250098",3,19,70.0000,3.6800,3.5500,"KB"
46,"333571250108",3,19,67.2000,3.5400,3.5700,"KB"
46,"333571250111",3,19,74.2000,3.9100,3.6900,"KB"
46,"333571250124",3,19,68.2000,3.5900,3.4400,"KB"
46,"333571250137",3,19,70.0000,3.6800,3.6800,"KB"
46,"333571250140",3,19,71.8000,3.7800,3.7400,"KB"
46,"333571250153",3,19,64.9000,3.4200,3.3500,"KB"
46,"333571250166",3,19,65.2000,3.4300,3.2100,"KB"
46,"333571250179",3,19,67.2000,3.5400,3.4700,"KB"
46,"333571250182",3,19,61.9000,3.2600,3.2200,"KB"
46,"333571250205",2,15,49.7000,3.3100,3.3400,"KB"
46,"333571250218",3,19,68.8000,3.6200,3.4300,"KB"
46,"333571250221",3,19,65.1000,3.4300,3.4000,"KB"
46,"333571250234",3,19,70.9000,3.7300,3.7300,"KB"
46,"333571250250",3,19,71.2000,3.7500,3.6300,"KB"
46,"333571250263",3,19,67.3000,3.5400,3.4100,"KB"
46,"333571250276",3,19,66.3000,3.4900,3.2600,"KB"
46,"333571250289",3,19,67.0000,3.5300,3.4300,"KB"
46,"333571250292",3,19,72.1000,3.7900,3.7300,"KB"
46,"333571250302",3,19,68.4000,3.6000,3.5900,"KB"
46,"333571250315",3,19,70.6000,3.7200,3.7400,"KB"
46,"333571250328",3,19,71.8000,3.7800,3.7000,"KB"
46,"333571250331",3,19,73.0000,3.8400,3.7000,"KB"
46,"333571250360",3,19,73.9000,3.8900,3.8700,"KB"
46,"333571250399",3,19,68.2000,3.5900,3.4200,"KB"
46,"333571250412",3,19,68.5000,3.6100,3.3600,"KB"
46,"333571250425",3,19,73.0000,3.8400,3.6500,"KB"
46,"333571250470",3,19,74.2000,3.9100,3.6500,"KB"
46,"333571250483",3,20,67.0000,3.3500,3.5200,"KB"
46,"333571250496",3,20,67.9000,3.4000,3.4200,"KB"
46,"333571250519",3,20,75.7000,3.7900,3.7900,"KB"
46,"333571250522",3,20,67.9000,3.4000,3.4500,"KB"
46,"333571250535",3,20,76.2000,3.8100,3.8000,"KB"
46,"333571250548",3,20,47.7000,2.3900,2.6100,"KB"
46,"333571250551",3,20,68.9000,3.4500,3.5100,"KB"
46,"333571250564",3,20,67.2000,3.3600,3.3800,"KB"
46,"333571250577",3,20,70.1000,3.5100,3.6700,"KB"
46,"333571250580",3,20,79.4000,3.9700,3.9900,"KB"
46,"333571250632",3,20,75.9000,3.8000,3.8400,"KB"
46,"333571250726",3,20,69.7000,3.4900,3.5800,"KB"
46,"333571250739",3,20,71.3000,3.5700,3.8400,"KB"
46,"333571250755",3,20,63.1000,3.1600,3.4100,"KB"
46,"333571250771",3,20,45.5000,2.2800,2.7900,"KB"
46,"333571250823",3,22,60.5000,2.7500,2.9600,"KB"
46,"333571250836",3,20,72.3000,3.6200,3.7300,"KB"
46,"333571250852",3,20,67.7000,3.3900,3.6400,"KB"
46,"333571250865",3,20,73.3000,3.6700,3.7200,"KB"
46,"333571250878",3,20,66.1000,3.3100,3.3100,"KB"
46,"333571250881",3,20,75.7000,3.7900,3.7900,"KB"
46,"333571250894",3,20,79.4000,3.9700,3.9900,"KB"
46,"333571250946",3,20,70.0000,3.5000,3.7200,"KB"
46,"333571250962",3,20,70.1000,3.5100,3.6500,"KB"
46,"333571251039",3,20,71.3000,3.5700,3.6900,"KB"
46,"333571251068",3,17,53.6000,3.1500,3.3500,"KB"
46,"333571251071",3,17,52.5000,3.0900,3.2100,"KB"
46,"333571251084",3,17,52.6000,3.0900,3.2800,"KB"
46,"333571251107",3,19,63.1000,3.3200,3.3800,"KB"
46,"333571251123",3,19,67.6000,3.5600,3.6400,"KB"
46,"333571251149",3,19,60.3000,3.1700,3.1700,"KB"
46,"333571251152",3,16,48.0000,3.0000,3.1700,"KB"
46,"333571251165",3,16,55.8000,3.4900,3.5700,"KB"
46,"333571251178",3,19,69.7000,3.6700,3.4900,"KB"
46,"333571251181",3,19,68.8000,3.6200,3.3700,"KB"
46,"333571251204",3,20,67.0000,3.3500,3.5800,"KB"
46,"333571251233",3,20,69.2000,3.4600,3.5000,"KB"
46,"333571251262",3,17,52.0000,3.0600,3.3200,"KB"
46,"333571251288",3,17,49.7000,2.9200,3.3100,"KB"
46,"333571251291",3,19,64.3000,3.3800,3.2100,"KB"
46,"333571251301",3,19,65.4000,3.4400,3.3400,"KB"
46,"333571251314",3,17,51.4000,3.0200,3.3700,"KB"
46,"333571251327",3,12,32.0000,2.6700,2.9600,"KB"
46,"333571251343",3,19,66.1000,3.4800,3.3500,"KB"
46,"333571251356",3,16,48.0000,3.0000,3.2900,"KB"
46,"333571251369",3,19,70.7000,3.7200,3.5900,"KB"
46,"333571251398",3,17,52.6000,3.0900,3.4100,"KB"
46,"333571251408",3,17,54.0000,3.1800,3.4000,"KB"
46,"333571251411",3,17,51.7000,3.0400,3.4100,"KB"
46,"333571251424",3,16,46.8000,2.9300,3.1300,"KB"
46,"333571251437",3,16,51.3000,3.2100,3.3100,"KB"
46,"333571251440",3,20,73.3000,3.6700,3.7400,"KB"
46,"333571251453",3,16,54.2000,3.3900,3.4300,"KB"
46,"333571251466",3,16,54.9000,3.4300,3.4800,"KB"
46,"333571251479",3,17,46.8000,2.7500,2.9700,"KB"
46,"333571251482",3,19,66.4000,3.4900,3.3900,"KB"
46,"333571251495",3,19,65.2000,3.4300,3.4500,"KB"
46,"333571251505",3,19,65.5000,3.4500,3.4000,"KB"
46,"333571251518",3,20,72.7000,3.6400,3.6300,"KB"
46,"333571251521",3,17,48.3000,2.8400,3.2800,"KB"
46,"333571251534",3,19,69.7000,3.6700,3.5500,"KB"
46,"333571251550",2,20,63.7000,3.1900,3.3400,"KB"
46,"333571251563",2,20,65.3000,3.2700,3.3200,"KB"
46,"333571251576",2,20,63.5000,3.1800,3.4400,"KB"
46,"333571251589",2,20,61.9000,3.1000,3.1600,"KB"
46,"333571251592",2,20,58.9000,2.9500,3.0900,"KB"
46,"333571251602",2,20,63.1000,3.1600,3.3200,"KB"
46,"333571251615",2,20,64.3000,3.2200,3.3100,"KB"
46,"333571251628",2,20,74.2000,3.7100,3.7600,"KB"
46,"333571251699",2,20,69.9000,3.5000,3.4500,"KB"
46,"333571251709",2,20,68.8000,3.4400,3.3400,"KB"
46,"333571251712",2,20,65.8000,3.2900,3.2700,"KB"
46,"333571251754",2,20,69.5000,3.4800,3.5200,"KB"
46,"333571251767",2,20,67.8000,3.3900,3.3300,"KB"
46,"333571251770",2,20,67.1000,3.3600,3.4700,"KB"
46,"333571251783",2,16,58.6000,3.6600,3.5800,"KB"
46,"333571251796",2,16,57.8000,3.6100,3.5500,"KB"
46,"333571251822",2,16,54.8000,3.4300,3.4100,"KB"
46,"333571251835",2,16,52.4000,3.2800,3.1800,"KB"
46,"333571251848",2,16,61.6000,3.8500,3.7900,"KB"
46,"333571251851",2,16,56.5000,3.5300,3.5100,"KB"
46,"333571251864",2,16,55.1000,3.4400,3.4000,"KB"
46,"333571251877",2,16,54.7000,3.4200,3.4100,"KB"
46,"333571251893",2,16,55.2000,3.4500,3.4900,"KB"
46,"333571251903",2,16,59.1000,3.6900,3.5900,"KB"
46,"333571251929",2,16,58.6000,3.6600,3.5400,"KB"
46,"333571251932",2,16,57.2000,3.5800,3.3900,"KB"
46,"333571251945",2,16,53.9000,3.3700,3.2300,"KB"
46,"333571251958",2,0,0.0000,0.0000,3.7700,"KB"
46,"333571251961",2,0,0.0000,0.0000,3.3000,"KB"
46,"333571251974",2,0,0.0000,0.0000,3.4300,"KB"
46,"333571251987",2,0,0.0000,0.0000,3.4100,"KB"
46,"3335712519900",2,0,0.0000,0.0000,3.3400,"KB"
46,"333571252025",2,0,0.0000,0.0000,3.6700,"KB"
46,"333571252038",2,0,0.0000,0.0000,3.6100,"KB"
46,"333571252041",2,0,0.0000,0.0000,3.7600,"KB"
46,"333571252054",2,0,0.0000,0.0000,3.5800,"KB"
46,"333571252067",2,0,0.0000,0.0000,3.5000,"KB"
46,"333571252070",2,0,0.0000,0.0000,3.7300,"KB"
46,"333571252083",2,0,0.0000,0.0000,3.6200,"KB"
46,"333571252096",2,0,0.0000,0.0000,3.3400,"KB"
46,"333571252106",2,0,0.0000,0.0000,3.6400,"KB"
46,"333571252119",2,0,0.0000,0.0000,3.6300,"KB"
46,"333571252135",2,0,0.0000,0.0000,3.3600,"KB"
46,"333571252151",2,17,58.0000,3.4100,3.6300,"KB"
46,"333571252164",2,17,62.8000,3.6900,3.6800,"KB"
46,"333571252177",2,17,62.6000,3.6800,3.7500,"KB"
46,"333571252180",2,17,56.6000,3.3300,3.5800,"KB"
46,"333571252193",2,17,55.2000,3.2500,3.3900,"KB"
46,"333571252203",2,17,61.2000,3.6000,3.5900,"KB"
46,"333571252216",2,17,62.0000,3.6500,3.6700,"KB"
46,"333571252229",2,17,64.0000,3.7600,3.7600,"KB"
46,"333571252232",2,17,53.6000,3.1500,3.3300,"KB"
46,"333571252245",2,17,49.0000,2.8800,3.1000,"KB"
46,"333571252258",2,17,39.5000,2.3200,2.8500,"KB"
46,"333571252274",2,17,63.2000,3.7200,3.7500,"KB"
46,"333571252287",2,17,56.6000,3.3300,3.3700,"KB"
46,"333571252300",2,17,63.4000,3.7300,3.6800,"KB"
46,"333571252313",2,17,60.0000,3.5300,3.6700,"KB"
46,"333571252326",2,17,59.4000,3.4900,3.6500,"KB"
46,"333571252339",2,17,63.4000,3.7300,3.7900,"KB"
46,"333571252342",2,17,53.6000,3.1500,3.3900,"KB"
46,"333571252355",2,17,45.2000,2.6600,2.9800,"KB"
46,"333571252368",2,17,54.5000,3.2100,3.4300,"KB"
46,"333571252371",2,17,62.0000,3.6500,3.7600,"KB"
46,"333571252407",2,17,54.0000,3.1800,3.3500,"KB"
46,"333571252410",2,17,64.0000,3.7600,3.7800,"KB"
46,"333571252423",2,17,57.6000,3.3900,3.4300,"KB"
46,"333571252436",2,17,60.4000,3.5500,3.6700,"KB"
46,"333571252449",2,17,52.0000,3.0600,3.2600,"KB"
46,"333571252452",2,17,57.2000,3.3600,3.5500,"KB"
46,"333571252478",2,19,70.5000,3.7100,3.6800,"KB"
46,"333571252494",2,19,71.2000,3.7500,3.8400,"KB"
46,"333571252517",2,19,63.4000,3.3400,3.4100,"KB"
46,"333571252559",2,19,63.7000,3.3500,3.5300,"KB"
46,"333571252575",2,19,59.0000,3.1100,3.2400,"KB"
46,"333571252591",2,16,55.9000,3.4900,3.4500,"KB"
46,"333571252601",2,16,54.2000,3.3900,3.3100,"KB"
46,"333571252614",2,16,58.7000,3.6700,3.5800,"KB"
46,"333571252627",2,16,55.3000,3.4600,3.3800,"KB"
46,"333571252643",2,0,0.0000,0.0000,3.4100,"KB"
46,"333571252656",2,17,55.4000,3.2600,3.4300,"KB"
46,"333571252669",2,17,67.4000,3.9600,3.9100,"KB"
46,"333571252698",2,17,52.6000,3.0900,3.4000,"KB"
46,"333571252708",2,20,69.6000,3.4800,3.7000,"KB"
46,"333571252737",2,20,66.3000,3.3200,3.4400,"KB"
46,"333571252753",2,0,0.0000,0.0000,3.5200,"KB"
46,"333571252766",2,17,61.2000,3.6000,3.7300,"KB"
46,"333571252779",2,17,64.0000,3.7600,3.8300,"KB"
46,"333571252782",2,17,61.6000,3.6200,3.6700,"KB"
46,"333571252795",2,17,62.0000,3.6500,3.8000,"KB"
46,"333571252805",2,17,57.0000,3.3500,3.6100,"KB"
46,"333571252821",2,20,59.0000,2.9500,3.0500,"KB"
46,"333571252847",2,16,57.1000,3.5700,3.4400,"KB"
46,"333571252863",2,20,60.6000,3.0300,3.0700,"KB"
46,"333571252889",2,20,61.8000,3.0900,3.3100,"KB"
46,"333571252892",2,17,44.1000,2.5900,3.0000,"KB"
46,"333571252902",2,17,59.2000,3.4800,3.6000,"KB"
46,"333571252915",2,20,61.2000,3.0600,3.3000,"KB"
46,"333571252928",2,17,44.4000,2.6100,2.9700,"KB"
46,"333571252931",2,17,35.9000,2.1100,2.5200,"KB"
46,"333571252944",2,15,53.3000,3.5500,3.5700,"KB"
46,"333571252957",2,15,51.1000,3.4100,3.4800,"KB"
46,"333571252960",2,15,53.9000,3.5900,3.5400,"KB"
46,"333571252973",2,15,56.2000,3.7500,3.7500,"KB"
46,"333571252986",2,15,55.4000,3.6900,3.6900,"KB"
46,"333571252999",2,15,48.4000,3.2300,3.1700,"KB"
46,"333571253008",2,15,50.2000,3.3500,3.3500,"KB"
46,"333571253011",2,15,57.6000,3.8400,3.7600,"KB"
46,"333571253024",2,15,55.3000,3.6900,3.6500,"KB"
46,"333571253037",2,15,56.5000,3.7700,3.8200,"KB"
46,"333571253040",2,15,56.8000,3.7900,3.8300,"KB"
46,"333571253053",2,15,52.7000,3.5100,3.4600,"KB"
46,"333571253066",2,20,69.4000,3.4700,3.5000,"KB"
46,"333571253082",2,20,64.9000,3.2500,3.5100,"KB"
46,"333571253095",2,19,72.6000,3.8200,3.7500,"KB"
46,"333571253105",2,19,66.2000,3.4800,3.4900,"KB"
46,"333571253134",2,20,62.3000,3.1200,3.2600,"KB"
46,"333571253150",1,20,54.6000,2.7300,2.7300,"KB"
46,"333571253176",1,20,73.2000,3.6600,3.6600,"KB"
46,"333571253192",1,20,62.6000,3.1300,3.1300,"KB"
46,"333571253202",1,20,73.4000,3.6700,3.6700,"KB"
46,"333571253215",1,20,72.0000,3.6000,3.6000,"KB"
46,"333571253231",1,20,68.0000,3.4000,3.4000,"KB"
46,"333571253244",1,20,66.8000,3.3400,3.3400,"KB"
46,"333571253257",1,20,69.6000,3.4800,3.4800,"KB"
46,"333571253260",1,20,58.2000,2.9100,2.9100,"KB"
46,"333571253273",1,16,53.0000,3.3100,3.3100,"KB"
46,"333571253286",1,16,56.2000,3.5100,3.5100,"KB"
46,"333571253299",1,16,58.1000,3.6300,3.6300,"KB"
46,"333571253309",1,16,52.1000,3.2600,3.2600,"KB"
46,"333571253312",1,16,52.9000,3.3100,3.3100,"KB"
46,"333571253338",1,16,56.4000,3.5300,3.5300,"KB"
46,"333571253341",1,16,53.0000,3.3100,3.3100,"KB"
46,"333571253354",1,16,57.7000,3.6100,3.6100,"KB"
46,"333571253367",1,16,53.9000,3.3700,3.3700,"KB"
46,"333571253370",1,16,58.7000,3.6700,3.6700,"KB"
46,"333571253419",1,16,58.1000,3.6300,3.6300,"KB"
46,"333571253422",1,16,52.2000,3.2600,3.2600,"KB"
46,"333571253448",1,16,58.1000,3.6300,3.6300,"KB"
46,"333571253451",1,16,59.5000,3.7200,3.7200,"KB"
46,"333571253464",1,16,52.7000,3.2900,3.2900,"KB"
46,"333571253477",1,16,54.7000,3.4200,3.4200,"KB"
46,"333571253480",1,16,61.1000,3.8200,3.8200,"KB"
46,"333571253503",1,16,57.8000,3.6100,3.6100,"KB"
46,"333571253516",1,16,57.8000,3.6100,3.6100,"KB"
46,"333571253529",1,16,50.9000,3.1800,3.1800,"KB"
46,"333571253545",1,16,51.8000,3.2400,3.2400,"KB"
46,"333571253574",1,16,58.3000,3.6400,3.6400,"KB"
46,"333571253590",1,16,53.3000,3.3300,3.3300,"KB"
46,"333571253613",1,16,53.6000,3.3500,3.3500,"KB"
46,"333571253626",1,16,56.4000,3.5300,3.5300,"KB"
46,"333571253639",1,16,56.9000,3.5600,3.5600,"KB"
46,"333571253655",1,18,60.0000,3.3300,3.3300,"KB"
46,"333571253668",1,18,58.9000,3.2700,3.2700,"KB"
46,"333571253671",1,18,61.7000,3.4300,3.4300,"KB"
46,"333571253684",1,18,63.2000,3.5100,3.5100,"KB"
46,"333571253697",1,18,65.7000,3.6500,3.6500,"KB"
46,"333571253736",1,18,57.0000,3.1700,3.1700,"KB"
46,"333571253752",1,18,61.5000,3.4200,3.4200,"KB"
46,"333571253765",1,18,61.2000,3.4000,3.4000,"KB"
46,"333571253778",1,18,52.4000,2.9100,2.9100,"KB"
46,"333571253781",1,18,65.4000,3.6300,3.6300,"KB"
46,"333571253794",1,18,64.3000,3.5700,3.5700,"KB"
46,"333571253804",1,18,56.3000,3.1300,3.1300,"KB"
46,"333571253817",1,18,65.8000,3.6600,3.6600,"KB"
46,"333571253820",1,18,61.3000,3.4100,3.4100,"KB"
46,"333571253833",1,18,61.2000,3.4000,3.4000,"KB"
46,"333571253846",1,18,67.4000,3.7400,3.7400,"KB"
46,"333571253859",1,18,57.8000,3.2100,3.2100,"KB"
46,"333571253862",1,13,47.8000,3.6800,3.6800,"KB"
46,"333571253875",1,13,46.8000,3.6000,3.6000,"KB"
46,"333571253891",1,13,43.4000,3.3400,3.3400,"KB"
46,"333571253901",1,13,43.2000,3.3200,3.3200,"KB"
46,"333571253914",1,13,44.4000,3.4200,3.4200,"KB"
46,"333571253927",1,13,46.0000,3.5400,3.5400,"KB"
46,"333571253930",1,13,43.2000,3.3200,3.3200,"KB"
46,"333571253943",1,13,48.4000,3.7200,3.7200,"KB"
46,"333571253956",1,13,48.8000,3.7500,3.7500,"KB"
46,"333571253972",1,13,45.4000,3.4900,3.4900,"KB"
46,"333571253985",1,13,49.4000,3.8000,3.8000,"KB"
46,"333571253998",1,13,43.0000,3.3100,3.3100,"KB"
46,"333571254007",1,13,47.6000,3.6600,3.6600,"KB"
46,"333571254010",1,13,49.4000,3.8000,3.8000,"KB"
46,"333571255006",1,18,59.0000,3.2800,3.2800,"KB"
46,"333571254023",1,13,44.8000,3.4500,3.4500,"KB"
46,"333571254036",1,13,48.2000,3.7100,3.7100,"KB"
46,"333571254049",1,13,44.0000,3.3800,3.3800,"KB"
46,"333571254052",1,16,56.4000,3.5300,3.5300,"KB"
46,"333571254065",1,16,59.4000,3.7100,3.7100,"KB"
46,"333571254081",1,16,60.5000,3.7800,3.7800,"KB"
46,"333571254094",1,16,58.6000,3.6600,3.6600,"KB"
46,"333571254104",1,16,59.0000,3.6900,3.6900,"KB"
46,"333571254117",1,16,61.7000,3.8600,3.8600,"KB"
46,"333571254146",1,16,58.7000,3.6700,3.6700,"KB"
46,"333571254159",1,16,60.7000,3.7900,3.7900,"KB"
46,"333571254162",1,16,43.6000,2.7300,2.7300,"KB"
46,"333571254188",1,16,61.3000,3.8300,3.8300,"KB"
46,"333571254191",1,16,64.0000,4.0000,4.0000,"KB"
46,"333571254214",1,16,54.2000,3.3900,3.3900,"KB"
46,"333571254227",1,16,59.9000,3.7400,3.7400,"KB"
46,"333571254230",1,16,57.3000,3.5800,3.5800,"KB"
46,"333571254243",1,16,57.2000,3.5800,3.5800,"KB"
46,"333571254269",1,16,53.5000,3.3400,3.3400,"KB"
46,"333571254285",1,16,61.0000,3.8100,3.8100,"KB"
46,"333571254298",1,16,61.7000,3.8600,3.8600,"KB"
46,"333571254308",1,16,58.7000,3.6700,3.6700,"KB"
46,"333571254311",1,16,63.7000,3.9800,3.9800,"KB"
46,"333571254337",1,20,64.4000,3.2200,3.2200,"KB"
46,"333571254340",1,16,56.9000,3.5600,3.5600,"KB"
46,"333571254353",1,13,44.0000,3.3800,3.3800,"KB"
46,"333571254366",1,16,63.1000,3.9400,3.9400,"KB"
46,"333571254379",1,16,57.3000,3.5800,3.5800,"KB"
46,"333571254382",1,16,63.1000,3.9400,3.9400,"KB"
46,"333571254395",1,16,63.1000,3.9400,3.9400,"KB"
46,"333571254405",1,16,63.7000,3.9800,3.9800,"KB"
46,"333571254418",1,16,61.2000,3.8300,3.8300,"KB"
46,"333571254421",1,20,73.4000,3.6700,3.6700,"KB"
46,"333571254434",1,16,59.5000,3.7200,3.7200,"KB"
46,"333571254450",1,13,45.6000,3.5100,3.5100,"KB"
46,"333571254476",1,13,46.8000,3.6000,3.6000,"KB"
46,"333571254489",1,13,41.2000,3.1700,3.1700,"KB"
46,"333571254502",1,16,52.7000,3.2900,3.2900,"KB"
46,"333571254515",1,16,51.3000,3.2100,3.2100,"KB"
46,"333571254528",1,16,48.3000,3.0200,3.0200,"KB"
46,"333571254531",1,16,62.5000,3.9100,3.9100,"KB"
46,"333571254544",1,18,70.8000,3.9300,3.9300,"KB"
46,"333571254557",1,20,68.8000,3.4400,3.4400,"KB"
46,"333571254573",1,16,57.7000,3.6100,3.6100,"KB"
46,"333571254599",1,16,46.4000,2.9000,2.9000,"KB"
46,"333571254625",1,16,60.3000,3.7700,3.7700,"KB"
46,"333571254667",1,16,57.7000,3.6100,3.6100,"KB"
46,"333571254670",1,16,60.5000,3.7800,3.7800,"KB"
46,"333571254696",1,16,61.9000,3.8700,3.8700,"KB"
46,"333571254735",1,16,64.0000,4.0000,4.0000,"KB"
46,"333571254748",1,18,61.2000,3.4000,3.4000,"KB"
46,"333571254751",1,16,56.7000,3.5400,3.5400,"KB"
46,"333571254777",1,16,54.3000,3.3900,3.3900,"KB"
46,"333571254780",1,16,63.7000,3.9800,3.9800,"KB"
46,"333571254793",1,20,76.8000,3.8400,3.8400,"KB"
46,"333571254816",1,13,43.7000,3.3600,3.3600,"KB"
46,"333571254832",1,16,59.3000,3.7100,3.7100,"KB"
46,"333571254845",1,18,56.9000,3.1600,3.1600,"KB"
46,"333571254858",1,16,51.9000,3.2400,3.2400,"KB"
46,"333571254861",1,16,61.3000,3.8300,3.8300,"KB"
46,"333571254874",1,18,65.9000,3.6600,3.6600,"KB"
46,"333571254887",1,18,64.0000,3.5600,3.5600,"KB"
46,"333571254890",1,18,63.5000,3.5300,3.5300,"KB"
46,"333571254913",1,18,64.3000,3.5700,3.5700,"KB"
46,"333571254926",1,18,63.1000,3.5100,3.5100,"KB"
46,"333571254939",1,18,60.6000,3.3700,3.3700,"KB"
46,"333571254942",1,18,54.4000,3.0200,3.0200,"KB"
46,"333571254955",1,18,70.2000,3.9000,3.9000,"KB"
46,"333571254968",1,18,63.6000,3.5300,3.5300,"KB"
46,"333571254984",1,20,64.2000,3.2100,3.2100,"KB"
46,"333571255064",1,20,63.0000,3.1500,3.1500,"KB"
46,"333571255080",1,20,64.4000,3.2200,3.2200,"KB"
46,"333571255129",1,20,61.8000,3.0900,3.0900,"KB"
46,"333571280118",1,16,55.8000,3.4900,3.4900,"KB"
46,"333572148628",4,13,47.7000,3.6700,3.5400,"KB"
46,"333571255019",1,18,59.2000,3.2900,3.2900,"KB"
46,"333571254997",1,18,62.3000,3.4600,3.4600,"KB"
46,"333571255051",1,18,61.7000,3.4300,3.4300,"KB"
46,"333571254971",1,18,64.1000,3.5600,3.5600,"KB"
46,"333571255022",1,18,62.7000,3.4800,3.4800,"KB"
46,"333571255035",1,18,68.0000,3.7800,3.7800,"KB"
46,"333571255048",1,18,63.2000,3.5100,3.5100,"KB"
46,"333571255103",1,18,57.4000,3.1900,3.1900,"KB"
46,"333571255093",1,18,59.6000,3.3100,3.3100,"KB"
46,"333571255116",1,16,63.3000,3.9600,3.9600,"KB"
46,"333571240231",5,18,59.7000,3.3200,3.5200,"KB"
